State/Province,Common Name,Position
US-WA,Hooded Merganser,1
US-WA,Common Merganser,2
US-WA,Double-crested Cormorant,3
US-WA,American Crow,4
US-WA,Varied Thrush,5
US-WA,Dark-eyed Junco,6
US-WA,Song Sparrow,7
US-WA,Trumpeter Swan,8
US-WA,Wood Duck,9
US-WA,Gadwall,10
US-WA,Mallard,11
US-WA,Green-winged Teal,12
US-WA,Ring-necked Duck,13
US-WA,Bufflehead,14
US-WA,Anna's Hummingbird,15
US-WA,American Coot,16
US-WA,Killdeer,17
US-WA,Wilson's Snipe,18
US-WA,Pied-billed Grebe,19
US-WA,Great Blue Heron,20
US-WA,Cooper's Hawk,21
US-WA,Bald Eagle,22
US-WA,Northern Flicker,23
US-WA,Marsh Wren,24
US-WA,Golden-crowned Sparrow,25
US-WA,Red-winged Blackbird,26
US-WA,Canada Goose,27
US-WA,Rock Pigeon (Feral Pigeon),28
US-WA,Black-capped Chickadee,29
US-WA,American Wigeon,30
US-WA,Surf Scoter,31
US-WA,Common Goldeneye,32
US-WA,Glaucous-winged Gull,33
US-WA,Bushtit,34
US-WA,Red-tailed Hawk,35
US-WA,American Robin,36
US-WA,Lesser Scaup,37
US-WA,Belted Kingfisher,38
US-WA,European Starling,39
US-WA,Spotted Towhee,40
US-WA,Brant,41
US-WA,Red-breasted Merganser,42
US-WA,Pigeon Guillemot,43
US-WA,Ring-billed Gull,44
US-WA,Horned Grebe,45
US-WA,Red-necked Grebe,46
US-WA,Pacific Loon,47
US-WA,Pelagic Cormorant,48
US-WA,Steller's Jay,49
US-WA,Chestnut-backed Chickadee,50
US-WA,Barrow's Goldeneye,51
US-WA,Brown Creeper,52
US-WA,Northern Shoveler,53
US-WA,Red-breasted Nuthatch,54
US-WA,Common Raven,55
US-WA,Black Scoter,56
US-WA,House Finch,57
US-WA,Northern Harrier,58
US-WA,Short-eared Owl,59
US-WA,Mourning Dove,60
US-WA,Long-billed Dowitcher,61
US-WA,Dunlin,62
US-WA,Snow Goose,63
US-WA,Northern Pintail,64
US-WA,Downy Woodpecker,65
US-WA,Black Phoebe,66
US-WA,Ruby-crowned Kinglet,67
US-WA,Bewick's Wren,68
US-WA,Yellow-rumped Warbler,69
US-WA,California Scrub-Jay,70
US-WA,American Goldfinch,71
US-WA,White-crowned Sparrow,72
US-WA,Mallard (Domestic type),73
US-WA,Redhead,74
US-WA,Greater Scaup,75
US-WA,Short-billed Gull,76
US-WA,House Sparrow,77
US-WA,Eurasian Wigeon,78
US-WA,gull sp.,79
US-WA,Golden-crowned Kinglet,80
US-WA,Pacific Wren,81
US-WA,California Gull,82
US-WA,Harlequin Duck,83
US-WA,Larus sp.,84
US-WA,Townsend's Warbler,85
US-WA,Fox Sparrow,86
US-WA,Cinnamon Teal,87
US-WA,Ruddy Duck,88
US-WA,Eurasian Collared-Dove,89
US-WA,Greater Yellowlegs,90
US-WA,Tree Swallow,91
US-WA,Western/Glaucous-winged Gull,92
US-WA,Green Heron,93
US-WA,Pileated Woodpecker,94
US-WA,Barn Swallow,95
US-WA,Hairy Woodpecker,96
US-WA,Western x Glaucous-winged Gull (hybrid),97
US-WA,Greater/Lesser Scaup,98
US-WA,Horned Lark,99
US-WA,Mountain Bluebird,100
US-WA,American Kestrel,101
US-WA,Black-billed Magpie,102
US-WA,Burrowing Owl,103
US-WA,Western Meadowlark,104
US-WA,Sandhill Crane,105
US-WA,Say's Phoebe,106
US-WA,Ring-necked Pheasant,107
US-WA,Great Horned Owl,108
US-WA,California Quail,109
US-WA,Black-crowned Night Heron,110
US-WA,Brown-headed Cowbird,111
US-WA,Canyon Wren,112
US-WA,Yellow-headed Blackbird,113
US-WA,Tricolored Blackbird,114
US-WA,American White Pelican,115
US-WA,Violet-green Swallow,116
US-WA,Long-billed Curlew,117
US-WA,Brewer's Blackbird,118
US-WA,Chukar,119
US-WA,Loggerhead Shrike,120
US-WA,Osprey,121
US-WA,Band-tailed Pigeon,122
US-WA,Savannah Sparrow,123
US-WA,Lincoln's Sparrow,124
US-WA,Black-bellied Plover,125
US-WA,Orange-crowned Warbler,126
US-WA,White-winged Scoter,127
US-WA,Black Oystercatcher,128
US-WA,Hudsonian Whimbrel,129
US-WA,Caspian Tern,130
US-WA,Rhinoceros Auklet,131
US-WA,Marbled Murrelet,132
US-WA,Common Murre,133
US-WA,Red Crossbill,134
US-WA,Black Turnstone,135
US-WA,Spotted Sandpiper,136
US-WA,Common Loon,137
US-WA,Northern Rough-winged Swallow,138
US-WA,Barred Owl,139
US-WA,Long-tailed Duck,140
US-WA,Short-billed Dowitcher,141
US-WA,Surfbird,142
US-WA,Sanderling,143
US-WA,Western Grebe,144
US-WA,Brandt's Cormorant,145
US-WA,Purple Finch,146
US-WA,Rufous Hummingbird,147
US-WA,Red-throated Loon,148
US-WA,Least Sandpiper,149
US-WA,Western Sandpiper,150
US-WA,Purple Martin,151
US-WA,Common Yellowthroat,152
US-WA,Short-billed/Long-billed Dowitcher,153
US-WA,Turkey Vulture,154
US-WA,Greater White-fronted Goose,155
US-WA,Cliff Swallow,156
US-WA,Cackling Goose,157
US-WA,Semipalmated Plover,158
US-WA,Red Knot,159
US-WA,Marbled Godwit,160
US-WA,Brown Pelican,161
US-WA,Blue-winged Teal,162
US-WA,Ruddy Turnstone,163
US-WA,Western Gull,164
US-WA,Bonaparte's Gull,165
US-WA,Great Egret,166
US-WA,Peregrine Falcon,167
US-WA,Snowy Plover,168
US-WA,Western Flycatcher,169
US-WA,Wilson's Warbler,170
US-WA,American Bittern,171
US-WA,Virginia Rail,172
US-WA,Northern Yellow Warbler,173
US-WA,Vaux's Swift,174
US-WA,swallow sp.,175
US-WA,Cedar Waxwing,176
US-WA,Domestic goose sp. (Domestic type),177
US-WA,Western Wood-Pewee,178
US-WA,Western Warbling Vireo,179
US-WA,Chipping Sparrow,180
US-WA,Western Kingbird,181
US-WA,Bullock's Oriole,182
US-WA,Lazuli Bunting,183
US-WA,Willow Flycatcher,184
US-WA,Tufted Puffin,185
US-WA,Horned Puffin,186
US-WA,Red-breasted Sapsucker,187
US-WA,Western Tanager,188
US-WA,Rock Wren,189
US-WA,Swainson's Thrush,190
US-WA,Bank Swallow,191
US-WA,Black-headed Grosbeak,192
US-WA,American Dipper,193
US-WA,Canada Jay,194
US-WA,hummingbird sp.,195
US-WA,Clark's Nutcracker,196
US-WA,Mountain Chickadee,197
US-WA,Pine Siskin,198
US-WA,Hermit Thrush,199
US-WA,Heermann's Gull,200
US-WA,Olive-sided Flycatcher,201
US-WA,MacGillivray's Warbler,202
US-WA,Wandering Tattler,203
US-CA,Ring-billed Gull,1
US-CA,American Robin,2
US-CA,Cedar Waxwing,3
US-CA,Lesser Goldfinch,4
US-CA,Brewer's Blackbird,5
US-CA,Rock Pigeon (Feral Pigeon),6
US-CA,Anna's Hummingbird,7
US-CA,Black Oystercatcher,8
US-CA,Western Gull,9
US-CA,gull sp.,10
US-CA,Caspian Tern,11
US-CA,Double-crested Cormorant,12
US-CA,Black-crowned Night Heron,13
US-CA,Snowy Egret,14
US-CA,Great Blue Heron,15
US-CA,Brown Pelican,16
US-CA,Black Phoebe,17
US-CA,American Crow,18
US-CA,Barn Swallow,19
US-CA,swallow sp.,20
US-CA,European Starling,21
US-CA,House Finch,22
US-CA,White-crowned Sparrow,23
US-CA,Savannah Sparrow,24
US-CA,Song Sparrow,25
US-CA,California Towhee,26
US-CA,Red-winged Blackbird,27
US-CA,Orange-crowned Warbler,28
US-CA,Canada Goose,29
US-CA,Mallard,30
US-CA,Rock Pigeon,31
US-CA,American Avocet,32
US-CA,Black-bellied Plover,33
US-CA,Killdeer,34
US-CA,Long-billed Curlew,35
US-CA,Marbled Godwit,36
US-CA,Tree Swallow,37
US-CA,Cliff Swallow,38
US-CA,Bushtit,39
US-CA,Northern Mockingbird,40
US-CA,House Sparrow,41
US-CA,Spotted Towhee,42
US-CA,Brown-headed Cowbird,43
US-HI,Hawaiian Goose,1
US-HI,Red Junglefowl (Domestic type),2
US-HI,Spotted Dove,3
US-HI,Zebra Dove,4
US-HI,Pacific Golden-Plover,5
US-HI,Western Cattle-Egret,6
US-HI,Warbling White-eye,7
US-HI,Common Myna,8
US-HI,White-rumped Shama,9
US-HI,House Sparrow,10
US-HI,House Finch,11
US-HI,Northern Cardinal,12
US-HI,Red-crested Cardinal,13
US-HI,Scaly-breasted Munia,14
US-HI,Java Sparrow,15
US-HI,Rock Pigeon (Feral Pigeon),16
US-HI,Red-tailed Tropicbird,17
US-HI,Laysan Albatross,18
US-HI,Wedge-tailed Shearwater,19
US-HI,Red-footed Booby,20
US-HI,Common Gallinule,21
US-HI,White-tailed Tropicbird,22
US-HI,Chestnut Munia,23
US-HI,Black-necked Stilt,24
US-HI,American Barn Owl,25
US-HI,Hawaiian Duck,26
US-HI,Hawaiian Coot,27
US-HI,Wandering Tattler,28
US-HI,Ruddy Turnstone,29
US-HI,Sanderling,30
US-HI,Dunlin,31
US-HI,Great Frigatebird,32
US-HI,Black-crowned Night Heron,33
US-HI,Northern Mockingbird,34
US-HI,Rose-ringed Parakeet,35
US-HI,Brown Booby,36
US-HI,Saffron Finch,37
US-HI,Erckel's Spurfowl,38
US-OR,Canada Jay,1
US-OR,Clark's Nutcracker,2
US-OR,Cassin's Finch,3
US-OR,Western Tanager,4
US-OR,Mallard,5
US-OR,California Quail,6
US-OR,White-throated Swift,7
US-OR,Turkey Vulture,8
US-OR,Osprey,9
US-OR,Red-tailed Hawk,10
US-OR,Say's Phoebe,11
US-OR,Western Kingbird,12
US-OR,Violet-green Swallow,13
US-OR,American Robin,14
US-OR,Evening Grosbeak,15
US-OR,Pine Siskin,16
US-OR,Bullock's Oriole,17
US-OR,Lazuli Bunting,18
