ML Catalog Number,Common Name,Scientific Name,Date,Time,Country,State,County,Locality,Latitude,Longitude,eBird Checklist ID
662621240,Dark-eyed Junco,Junco hyemalis,2026-08-07,932,United States,Washington,King,Frager Rd. (north),47.418883,-122.2678757,S380906489
662621237,American Goldfinch,Spinus tristis,2026-08-07,932,United States,Washington,King,Frager Rd. (north),47.418883,-122.2678757,S380906489
662621238,American Goldfinch,Spinus tristis,2026-08-07,932,United States,Washington,King,Frager Rd. (north),47.418883,-122.2678757,S380906489
662621239,American Goldfinch,Spinus tristis,2026-08-07,932,United States,Washington,King,Frager Rd. (north),47.418883,-122.2678757,S380906489
662621227,American Kestrel,Falco sparverius,2026-08-07,932,United States,Washington,King,Frager Rd. (north),47.418883,-122.2678757,S380906489
662621228,American Kestrel,Falco sparverius,2026-08-07,932,United States,Washington,King,Frager Rd. (north),47.418883,-122.2678757,S380906489
662621216,Anna's Hummingbird,Calypte anna,2026-08-07,932,United States,Washington,King,Frager Rd. (north),47.418883,-122.2678757,S380906489
662621212,Pied-billed Grebe,Podilymbus podiceps,2026-08-07,932,United States,Washington,King,Frager Rd. (north),47.418883,-122.2678757,S380906489
662621211,Pied-billed Grebe,Podilymbus podiceps,2026-08-07,932,United States,Washington,King,Frager Rd. (north),47.418883,-122.2678757,S380906489
662621207,Mallard,Anas platyrhynchos,2026-08-07,932,United States,Washington,King,Frager Rd. (north),47.418883,-122.2678757,S380906489
662621204,Wood Duck,Aix sponsa,2026-08-07,932,United States,Washington,King,Frager Rd. (north),47.418883,-122.2678757,S380906489
662526261,Glaucous-winged Gull,Larus glaucescens,2026-08-05,1446,United States,Washington,King,Charles Richey Sr. Viewpoint,47.5726544,-122.4140185,S380318688
662526259,Wandering Tattler,Tringa incana,2026-08-05,1446,United States,Washington,King,Charles Richey Sr. Viewpoint,47.5726544,-122.4140185,S380318688
662526255,Least Sandpiper,Calidris minutilla,2026-08-05,1446,United States,Washington,King,Charles Richey Sr. Viewpoint,47.5726544,-122.4140185,S380318688
662526254,Least Sandpiper,Calidris minutilla,2026-08-05,1446,United States,Washington,King,Charles Richey Sr. Viewpoint,47.5726544,-122.4140185,S380318688
662526250,Killdeer,Charadrius vociferus,2026-08-05,1446,United States,Washington,King,Charles Richey Sr. Viewpoint,47.5726544,-122.4140185,S380318688
662363419,Orange-crowned Warbler,Leiothlypis celata,2026-08-02,725,United States,Washington,Snohomish,Big Four Ice Caves,48.0651548,-121.5151566,S379333332
662363381,Townsend's Warbler,Setophaga townsendi,2026-08-02,725,United States,Washington,Snohomish,Big Four Ice Caves,48.0651548,-121.5151566,S379333332
662363380,Townsend's Warbler,Setophaga townsendi,2026-08-02,725,United States,Washington,Snohomish,Big Four Ice Caves,48.0651548,-121.5151566,S379333332
662363377,Townsend's Warbler,Setophaga townsendi,2026-08-02,725,United States,Washington,Snohomish,Big Four Ice Caves,48.0651548,-121.5151566,S379333332
662363378,Townsend's Warbler,Setophaga townsendi,2026-08-02,725,United States,Washington,Snohomish,Big Four Ice Caves,48.0651548,-121.5151566,S379333332
662363358,Common Yellowthroat,Geothlypis trichas,2026-08-02,725,United States,Washington,Snohomish,Big Four Ice Caves,48.0651548,-121.5151566,S379333332
662363351,Red-winged Blackbird,Agelaius phoeniceus,2026-08-02,725,United States,Washington,Snohomish,Big Four Ice Caves,48.0651548,-121.5151566,S379333332
662363344,House Finch,Haemorhous mexicanus,2026-08-02,725,United States,Washington,Snohomish,Big Four Ice Caves,48.0651548,-121.5151566,S379333332
662363343,House Finch,Haemorhous mexicanus,2026-08-02,725,United States,Washington,Snohomish,Big Four Ice Caves,48.0651548,-121.5151566,S379333332
662363337,Cedar Waxwing,Bombycilla cedrorum,2026-08-02,725,United States,Washington,Snohomish,Big Four Ice Caves,48.0651548,-121.5151566,S379333332
662363331,American Robin,Turdus migratorius,2026-08-02,725,United States,Washington,Snohomish,Big Four Ice Caves,48.0651548,-121.5151566,S379333332
662363332,American Robin,Turdus migratorius,2026-08-02,725,United States,Washington,Snohomish,Big Four Ice Caves,48.0651548,-121.5151566,S379333332
662363326,Tree Swallow,Tachycineta bicolor,2026-08-02,725,United States,Washington,Snohomish,Big Four Ice Caves,48.0651548,-121.5151566,S379333332
662363325,Tree Swallow,Tachycineta bicolor,2026-08-02,725,United States,Washington,Snohomish,Big Four Ice Caves,48.0651548,-121.5151566,S379333332
662363324,Tree Swallow,Tachycineta bicolor,2026-08-02,725,United States,Washington,Snohomish,Big Four Ice Caves,48.0651548,-121.5151566,S379333332
662363313,Western Wood-Pewee,Contopus sordidulus,2026-08-02,725,United States,Washington,Snohomish,Big Four Ice Caves,48.0651548,-121.5151566,S379333332
662363311,Hairy Woodpecker,Leuconotopicus villosus,2026-08-02,725,United States,Washington,Snohomish,Big Four Ice Caves,48.0651548,-121.5151566,S379333332
662363307,Rufous Hummingbird,Selasphorus rufus,2026-08-02,725,United States,Washington,Snohomish,Big Four Ice Caves,48.0651548,-121.5151566,S379333332
662363306,Rufous Hummingbird,Selasphorus rufus,2026-08-02,725,United States,Washington,Snohomish,Big Four Ice Caves,48.0651548,-121.5151566,S379333332
662363299,Band-tailed Pigeon,Patagioenas fasciata,2026-08-02,725,United States,Washington,Snohomish,Big Four Ice Caves,48.0651548,-121.5151566,S379333332
662359436,Brown-headed Cowbird,Molothrus ater,2026-08-02,1458,United States,Washington,Snohomish,Edmonds Marina,47.8079405,-122.3924276,S379365619
662359430,Heermann's Gull,Larus heermanni,2026-08-02,1458,United States,Washington,Snohomish,Edmonds Marina,47.8079405,-122.3924276,S379365619
662359429,Heermann's Gull,Larus heermanni,2026-08-02,1458,United States,Washington,Snohomish,Edmonds Marina,47.8079405,-122.3924276,S379365619
662359427,Rock Pigeon (Feral Pigeon),Columba livia (Feral Pigeon),2026-08-02,1458,United States,Washington,Snohomish,Edmonds Marina,47.8079405,-122.3924276,S379365619
662145476,Common Yellowthroat,Geothlypis trichas,2026-07-26,1923,United States,Washington,Snohomish,Stanwood Water Treatment Plant,48.2377017,-122.3611822,S376877165
662145463,Long-billed Dowitcher,Limnodromus scolopaceus,2026-07-26,1923,United States,Washington,Snohomish,Stanwood Water Treatment Plant,48.2377017,-122.3611822,S376877165
662145464,Long-billed Dowitcher,Limnodromus scolopaceus,2026-07-26,1923,United States,Washington,Snohomish,Stanwood Water Treatment Plant,48.2377017,-122.3611822,S376877165
661835303,Red-winged Blackbird,Agelaius phoeniceus,2026-07-23,1441,United States,Washington,Snohomish,Stanwood Water Treatment Plant,48.2377017,-122.3611822,S375605391
661835278,Brewer's Blackbird,Euphagus cyanocephalus,2026-07-23,1441,United States,Washington,Snohomish,Stanwood Water Treatment Plant,48.2377017,-122.3611822,S375605391
661835274,American Goldfinch,Spinus tristis,2026-07-23,1441,United States,Washington,Snohomish,Stanwood Water Treatment Plant,48.2377017,-122.3611822,S375605391
661835275,American Goldfinch,Spinus tristis,2026-07-23,1441,United States,Washington,Snohomish,Stanwood Water Treatment Plant,48.2377017,-122.3611822,S375605391
661835276,American Goldfinch,Spinus tristis,2026-07-23,1441,United States,Washington,Snohomish,Stanwood Water Treatment Plant,48.2377017,-122.3611822,S375605391
661835272,House Finch,Haemorhous mexicanus,2026-07-23,1441,United States,Washington,Snohomish,Stanwood Water Treatment Plant,48.2377017,-122.3611822,S375605391
661835260,Cedar Waxwing,Bombycilla cedrorum,2026-07-23,1441,United States,Washington,Snohomish,Stanwood Water Treatment Plant,48.2377017,-122.3611822,S375605391
661835261,Cedar Waxwing,Bombycilla cedrorum,2026-07-23,1441,United States,Washington,Snohomish,Stanwood Water Treatment Plant,48.2377017,-122.3611822,S375605391
661835253,Tree Swallow,Tachycineta bicolor,2026-07-23,1441,United States,Washington,Snohomish,Stanwood Water Treatment Plant,48.2377017,-122.3611822,S375605391
661835252,Northern Harrier,Circus hudsonius,2026-07-23,1441,United States,Washington,Snohomish,Stanwood Water Treatment Plant,48.2377017,-122.3611822,S375605391
661835236,Spotted Sandpiper,Actitis macularius,2026-07-23,1441,United States,Washington,Snohomish,Stanwood Water Treatment Plant,48.2377017,-122.3611822,S375605391
661835235,Spotted Sandpiper,Actitis macularius,2026-07-23,1441,United States,Washington,Snohomish,Stanwood Water Treatment Plant,48.2377017,-122.3611822,S375605391
661835230,Virginia Rail,Rallus limicola,2026-07-23,1441,United States,Washington,Snohomish,Stanwood Water Treatment Plant,48.2377017,-122.3611822,S375605391
661835233,Virginia Rail,Rallus limicola,2026-07-23,1441,United States,Washington,Snohomish,Stanwood Water Treatment Plant,48.2377017,-122.3611822,S375605391
661835231,Virginia Rail,Rallus limicola,2026-07-23,1441,United States,Washington,Snohomish,Stanwood Water Treatment Plant,48.2377017,-122.3611822,S375605391
661835232,Virginia Rail,Rallus limicola,2026-07-23,1441,United States,Washington,Snohomish,Stanwood Water Treatment Plant,48.2377017,-122.3611822,S375605391
661835229,Mallard,Anas platyrhynchos,2026-07-23,1441,United States,Washington,Snohomish,Stanwood Water Treatment Plant,48.2377017,-122.3611822,S375605391
661662259,House Finch,Haemorhous mexicanus,2026-07-20,531,United States,Washington,King,Union Bay Natural Area/Montlake Fill,47.65424,-122.29137,S374368808
661662260,House Finch,Haemorhous mexicanus,2026-07-20,531,United States,Washington,King,Union Bay Natural Area/Montlake Fill,47.65424,-122.29137,S374368808
661662244,White-crowned Sparrow,Zonotrichia leucophrys,2026-07-20,531,United States,Washington,King,Union Bay Natural Area/Montlake Fill,47.65424,-122.29137,S374368808
661662245,White-crowned Sparrow,Zonotrichia leucophrys,2026-07-20,531,United States,Washington,King,Union Bay Natural Area/Montlake Fill,47.65424,-122.29137,S374368808
661662243,American Robin,Turdus migratorius,2026-07-20,531,United States,Washington,King,Union Bay Natural Area/Montlake Fill,47.65424,-122.29137,S374368808
661662240,Tree Swallow,Tachycineta bicolor,2026-07-20,531,United States,Washington,King,Union Bay Natural Area/Montlake Fill,47.65424,-122.29137,S374368808
661662238,Tree Swallow,Tachycineta bicolor,2026-07-20,531,United States,Washington,King,Union Bay Natural Area/Montlake Fill,47.65424,-122.29137,S374368808
661662239,Tree Swallow,Tachycineta bicolor,2026-07-20,531,United States,Washington,King,Union Bay Natural Area/Montlake Fill,47.65424,-122.29137,S374368808
661662237,Tree Swallow,Tachycineta bicolor,2026-07-20,531,United States,Washington,King,Union Bay Natural Area/Montlake Fill,47.65424,-122.29137,S374368808
661662228,Northern Flicker,Colaptes auratus,2026-07-20,531,United States,Washington,King,Union Bay Natural Area/Montlake Fill,47.65424,-122.29137,S374368808
661662225,Downy Woodpecker,Dryobates pubescens,2026-07-20,531,United States,Washington,King,Union Bay Natural Area/Montlake Fill,47.65424,-122.29137,S374368808
661662223,Bald Eagle,Haliaeetus leucocephalus,2026-07-20,531,United States,Washington,King,Union Bay Natural Area/Montlake Fill,47.65424,-122.29137,S374368808
661662221,Osprey,Pandion haliaetus,2026-07-20,531,United States,Washington,King,Union Bay Natural Area/Montlake Fill,47.65424,-122.29137,S374368808
661662222,Osprey,Pandion haliaetus,2026-07-20,531,United States,Washington,King,Union Bay Natural Area/Montlake Fill,47.65424,-122.29137,S374368808
661254730,Yellow-rumped Warbler,Setophaga coronata,2026-07-12,730,United States,Washington,Snohomish,Riverview Wildlife Refuge / Snohomish Wastewater Treatment Plant,47.9165434,-122.1100652,S371256974
661254728,Common Yellowthroat,Geothlypis trichas,2026-07-12,730,United States,Washington,Snohomish,Riverview Wildlife Refuge / Snohomish Wastewater Treatment Plant,47.9165434,-122.1100652,S371256974
661254727,Common Yellowthroat,Geothlypis trichas,2026-07-12,730,United States,Washington,Snohomish,Riverview Wildlife Refuge / Snohomish Wastewater Treatment Plant,47.9165434,-122.1100652,S371256974
661254723,Brown-headed Cowbird,Molothrus ater,2026-07-12,730,United States,Washington,Snohomish,Riverview Wildlife Refuge / Snohomish Wastewater Treatment Plant,47.9165434,-122.1100652,S371256974
661254716,Song Sparrow,Melospiza melodia,2026-07-12,730,United States,Washington,Snohomish,Riverview Wildlife Refuge / Snohomish Wastewater Treatment Plant,47.9165434,-122.1100652,S371256974
661254709,American Goldfinch,Spinus tristis,2026-07-12,730,United States,Washington,Snohomish,Riverview Wildlife Refuge / Snohomish Wastewater Treatment Plant,47.9165434,-122.1100652,S371256974
661254708,American Goldfinch,Spinus tristis,2026-07-12,730,United States,Washington,Snohomish,Riverview Wildlife Refuge / Snohomish Wastewater Treatment Plant,47.9165434,-122.1100652,S371256974
661254704,Cedar Waxwing,Bombycilla cedrorum,2026-07-12,730,United States,Washington,Snohomish,Riverview Wildlife Refuge / Snohomish Wastewater Treatment Plant,47.9165434,-122.1100652,S371256974
661254703,Cedar Waxwing,Bombycilla cedrorum,2026-07-12,730,United States,Washington,Snohomish,Riverview Wildlife Refuge / Snohomish Wastewater Treatment Plant,47.9165434,-122.1100652,S371256974
661254698,Red-breasted Sapsucker,Sphyrapicus ruber,2026-07-12,730,United States,Washington,Snohomish,Riverview Wildlife Refuge / Snohomish Wastewater Treatment Plant,47.9165434,-122.1100652,S371256974
661254688,Great Blue Heron,Ardea herodias,2026-07-12,730,United States,Washington,Snohomish,Riverview Wildlife Refuge / Snohomish Wastewater Treatment Plant,47.9165434,-122.1100652,S371256974
659894591,Black-bellied Plover,Pluvialis squatarola,2026-06-13,748,United States,California,Alameda,Albany State Marine Reserve,37.8893242,-122.3151134,S356765363
659894589,Brown Pelican,Pelecanus occidentalis,2026-06-13,748,United States,California,Alameda,Albany State Marine Reserve,37.8893242,-122.3151134,S356765363
659894588,Bushtit,Psaltriparus minimus,2026-06-13,748,United States,California,Alameda,Albany State Marine Reserve,37.8893242,-122.3151134,S356765363
659894581,White-crowned Sparrow,Zonotrichia leucophrys,2026-06-13,748,United States,California,Alameda,Albany State Marine Reserve,37.8893242,-122.3151134,S356765363
659894579,California Towhee,Melozone crissalis,2026-06-13,748,United States,California,Alameda,Albany State Marine Reserve,37.8893242,-122.3151134,S356765363
659894578,California Towhee,Melozone crissalis,2026-06-13,748,United States,California,Alameda,Albany State Marine Reserve,37.8893242,-122.3151134,S356765363
659894576,House Finch,Haemorhous mexicanus,2026-06-13,748,United States,California,Alameda,Albany State Marine Reserve,37.8893242,-122.3151134,S356765363
659894575,House Finch,Haemorhous mexicanus,2026-06-13,748,United States,California,Alameda,Albany State Marine Reserve,37.8893242,-122.3151134,S356765363
659894574,House Finch,Haemorhous mexicanus,2026-06-13,748,United States,California,Alameda,Albany State Marine Reserve,37.8893242,-122.3151134,S356765363
659894437,Long-billed Curlew,Numenius americanus,2026-06-13,748,United States,California,Alameda,Albany State Marine Reserve,37.8893242,-122.3151134,S356765363
659894434,American Avocet,Recurvirostra americana,2026-06-13,748,United States,California,Alameda,Albany State Marine Reserve,37.8893242,-122.3151134,S356765363
659894433,American Avocet,Recurvirostra americana,2026-06-13,748,United States,California,Alameda,Albany State Marine Reserve,37.8893242,-122.3151134,S356765363
659894403,Black-crowned Night Heron,Nycticorax nycticorax,2026-06-12,705,United States,California,Alameda,Cesar Chavez Park,37.8709227,-122.3150389,S356230112
659894404,House Finch,Haemorhous mexicanus,2026-06-12,705,United States,California,Alameda,Cesar Chavez Park,37.8709227,-122.3150389,S356230112
659894402,Black-crowned Night Heron,Nycticorax nycticorax,2026-06-12,705,United States,California,Alameda,Cesar Chavez Park,37.8709227,-122.3150389,S356230112
659894397,Black Phoebe,Sayornis nigricans,2026-06-12,705,United States,California,Alameda,Cesar Chavez Park,37.8709227,-122.3150389,S356230112
659894398,European Starling,Sturnus vulgaris,2026-06-12,705,United States,California,Alameda,Cesar Chavez Park,37.8709227,-122.3150389,S356230112
659894387,Anna's Hummingbird,Calypte anna,2026-06-12,705,United States,California,Alameda,Cesar Chavez Park,37.8709227,-122.3150389,S356230112
659894396,Black Phoebe,Sayornis nigricans,2026-06-12,705,United States,California,Alameda,Cesar Chavez Park,37.8709227,-122.3150389,S356230112
659365756,Belted Kingfisher,Megaceryle alcyon,2026-05-30,1500,United States,Washington,Jefferson,Point Hudson,48.117861,-122.7494931,S354811374
659365755,Belted Kingfisher,Megaceryle alcyon,2026-05-30,1500,United States,Washington,Jefferson,Point Hudson,48.117861,-122.7494931,S354811374
659365752,Belted Kingfisher,Megaceryle alcyon,2026-05-30,1500,United States,Washington,Jefferson,Point Hudson,48.117861,-122.7494931,S354811374
659365754,Belted Kingfisher,Megaceryle alcyon,2026-05-30,1500,United States,Washington,Jefferson,Point Hudson,48.117861,-122.7494931,S354811374
659365753,Belted Kingfisher,Megaceryle alcyon,2026-05-30,1500,United States,Washington,Jefferson,Point Hudson,48.117861,-122.7494931,S354811374
659365607,Pacific Loon,Gavia pacifica,2026-05-30,1600,United States,Washington,Island,Smith Island,48.318233,-122.8410187,S354810704
659365603,Brown Pelican,Pelecanus occidentalis,2026-05-30,1600,United States,Washington,Island,Smith Island,48.318233,-122.8410187,S354810704
659365588,Pacific Loon,Gavia pacifica,2026-05-30,1600,United States,Washington,Island,Smith Island,48.318233,-122.8410187,S354810704
659365573,Common Murre,Uria aalge,2026-05-30,1600,United States,Washington,Island,Smith Island,48.318233,-122.8410187,S354810704
659365556,Marbled Murrelet,Brachyramphus marmoratus,2026-05-30,1600,United States,Washington,Island,Smith Island,48.318233,-122.8410187,S354810704
659365552,Horned Puffin,Fratercula corniculata,2026-05-30,1600,United States,Washington,Island,Smith Island,48.318233,-122.8410187,S354810704
659365551,Horned Puffin,Fratercula corniculata,2026-05-30,1600,United States,Washington,Island,Smith Island,48.318233,-122.8410187,S354810704
659365540,Tufted Puffin,Fratercula cirrhata,2026-05-30,1600,United States,Washington,Island,Smith Island,48.318233,-122.8410187,S354810704
659365539,Tufted Puffin,Fratercula cirrhata,2026-05-30,1600,United States,Washington,Island,Smith Island,48.318233,-122.8410187,S354810704
658831950,White-crowned Sparrow,Zonotrichia leucophrys,2026-05-30,559,United States,Washington,Jefferson,Fort Flagler SP - Campground/Beach,48.0938751,-122.7226067,S349492168
658831947,Northern Rough-winged Swallow,Stelgidopteryx serripennis,2026-05-30,559,United States,Washington,Jefferson,Fort Flagler SP - Campground/Beach,48.0938751,-122.7226067,S349492168
658831940,White-crowned Sparrow,Zonotrichia leucophrys,2026-05-30,559,United States,Washington,Jefferson,Fort Flagler SP - Campground/Beach,48.0938751,-122.7226067,S349492168
658831939,White-crowned Sparrow,Zonotrichia leucophrys,2026-05-30,559,United States,Washington,Jefferson,Fort Flagler SP - Campground/Beach,48.0938751,-122.7226067,S349492168
658831927,Violet-green Swallow,Tachycineta thalassina,2026-05-30,559,United States,Washington,Jefferson,Fort Flagler SP - Campground/Beach,48.0938751,-122.7226067,S349492168
658831931,Great Blue Heron,Ardea herodias,2026-05-30,559,United States,Washington,Jefferson,Fort Flagler SP - Campground/Beach,48.0938751,-122.7226067,S349492168
658831925,Violet-green Swallow,Tachycineta thalassina,2026-05-30,559,United States,Washington,Jefferson,Fort Flagler SP - Campground/Beach,48.0938751,-122.7226067,S349492168
658831924,Violet-green Swallow,Tachycineta thalassina,2026-05-30,559,United States,Washington,Jefferson,Fort Flagler SP - Campground/Beach,48.0938751,-122.7226067,S349492168
658831900,Savannah Sparrow,Passerculus sandwichensis,2026-05-30,852,United States,Washington,Jefferson,Fort Flagler SP,48.0960511,-122.7139785,S349638499
658831882,White-crowned Sparrow,Zonotrichia leucophrys,2026-05-30,852,United States,Washington,Jefferson,Fort Flagler SP,48.0960511,-122.7139785,S349638499
658831867,Barn Swallow,Hirundo rustica,2026-05-30,852,United States,Washington,Jefferson,Fort Flagler SP,48.0960511,-122.7139785,S349638499
658831863,Northern Rough-winged Swallow,Stelgidopteryx serripennis,2026-05-30,852,United States,Washington,Jefferson,Fort Flagler SP,48.0960511,-122.7139785,S349638499
658831831,Bald Eagle,Haliaeetus leucocephalus,2026-05-30,852,United States,Washington,Jefferson,Fort Flagler SP,48.0960511,-122.7139785,S349638499
658831832,Bald Eagle,Haliaeetus leucocephalus,2026-05-30,852,United States,Washington,Jefferson,Fort Flagler SP,48.0960511,-122.7139785,S349638499
658831827,Glaucous-winged Gull,Larus glaucescens,2026-05-30,852,United States,Washington,Jefferson,Fort Flagler SP,48.0960511,-122.7139785,S349638499
658831824,Pigeon Guillemot,Cepphus columba,2026-05-30,852,United States,Washington,Jefferson,Fort Flagler SP,48.0960511,-122.7139785,S349638499
658831823,Pigeon Guillemot,Cepphus columba,2026-05-30,852,United States,Washington,Jefferson,Fort Flagler SP,48.0960511,-122.7139785,S349638499
658831812,Killdeer,Charadrius vociferus,2026-05-30,852,United States,Washington,Jefferson,Fort Flagler SP,48.0960511,-122.7139785,S349638499
658831813,Killdeer,Charadrius vociferus,2026-05-30,852,United States,Washington,Jefferson,Fort Flagler SP,48.0960511,-122.7139785,S349638499
658831499,Rock Wren,Salpinctes obsoletus,2026-05-31,1028,United States,Washington,Kitsap,Point No Point,47.9118696,-122.5283182,S350375761
658831497,Rock Wren,Salpinctes obsoletus,2026-05-31,1028,United States,Washington,Kitsap,Point No Point,47.9118696,-122.5283182,S350375761
658831496,Rock Wren,Salpinctes obsoletus,2026-05-31,1028,United States,Washington,Kitsap,Point No Point,47.9118696,-122.5283182,S350375761
658831495,Rock Wren,Salpinctes obsoletus,2026-05-31,1028,United States,Washington,Kitsap,Point No Point,47.9118696,-122.5283182,S350375761
658831489,Osprey,Pandion haliaetus,2026-05-31,1028,United States,Washington,Kitsap,Point No Point,47.9118696,-122.5283182,S350375761
658831488,Osprey,Pandion haliaetus,2026-05-31,1028,United States,Washington,Kitsap,Point No Point,47.9118696,-122.5283182,S350375761
658831478,Marbled Murrelet,Brachyramphus marmoratus,2026-05-31,1028,United States,Washington,Kitsap,Point No Point,47.9118696,-122.5283182,S350375761
658541985,Red-winged Blackbird,Agelaius phoeniceus,2026-05-27,541,United States,Washington,King,Union Bay Natural Area/Montlake Fill,47.65424,-122.29137,S347722254
658541951,Song Sparrow,Melospiza melodia,2026-05-27,541,United States,Washington,King,Union Bay Natural Area/Montlake Fill,47.65424,-122.29137,S347722254
658541948,American Goldfinch,Spinus tristis,2026-05-27,541,United States,Washington,King,Union Bay Natural Area/Montlake Fill,47.65424,-122.29137,S347722254
658541943,Cedar Waxwing,Bombycilla cedrorum,2026-05-27,541,United States,Washington,King,Union Bay Natural Area/Montlake Fill,47.65424,-122.29137,S347722254
658541942,Cedar Waxwing,Bombycilla cedrorum,2026-05-27,541,United States,Washington,King,Union Bay Natural Area/Montlake Fill,47.65424,-122.29137,S347722254
658541932,European Starling,Sturnus vulgaris,2026-05-27,541,United States,Washington,King,Union Bay Natural Area/Montlake Fill,47.65424,-122.29137,S347722254
658541928,Bewick's Wren,Thryomanes bewickii,2026-05-27,541,United States,Washington,King,Union Bay Natural Area/Montlake Fill,47.65424,-122.29137,S347722254
658541902,Barn Swallow,Hirundo rustica,2026-05-27,541,United States,Washington,King,Union Bay Natural Area/Montlake Fill,47.65424,-122.29137,S347722254
658541899,Purple Martin,Progne subis,2026-05-27,541,United States,Washington,King,Union Bay Natural Area/Montlake Fill,47.65424,-122.29137,S347722254
658541900,Purple Martin,Progne subis,2026-05-27,541,United States,Washington,King,Union Bay Natural Area/Montlake Fill,47.65424,-122.29137,S347722254
658541887,Tree Swallow,Tachycineta bicolor,2026-05-27,541,United States,Washington,King,Union Bay Natural Area/Montlake Fill,47.65424,-122.29137,S347722254
658541885,Black-capped Chickadee,Poecile atricapillus,2026-05-27,541,United States,Washington,King,Union Bay Natural Area/Montlake Fill,47.65424,-122.29137,S347722254
658541877,Willow Flycatcher,Empidonax traillii,2026-05-27,541,United States,Washington,King,Union Bay Natural Area/Montlake Fill,47.65424,-122.29137,S347722254
658541876,Willow Flycatcher,Empidonax traillii,2026-05-27,541,United States,Washington,King,Union Bay Natural Area/Montlake Fill,47.65424,-122.29137,S347722254
658541866,Bald Eagle,Haliaeetus leucocephalus,2026-05-27,541,United States,Washington,King,Union Bay Natural Area/Montlake Fill,47.65424,-122.29137,S347722254
658541874,Northern Flicker,Colaptes auratus,2026-05-27,541,United States,Washington,King,Union Bay Natural Area/Montlake Fill,47.65424,-122.29137,S347722254
658541859,Great Blue Heron,Ardea herodias,2026-05-27,541,United States,Washington,King,Union Bay Natural Area/Montlake Fill,47.65424,-122.29137,S347722254
658541853,Virginia Rail,Rallus limicola,2026-05-27,541,United States,Washington,King,Union Bay Natural Area/Montlake Fill,47.65424,-122.29137,S347722254
658541854,Virginia Rail,Rallus limicola,2026-05-27,541,United States,Washington,King,Union Bay Natural Area/Montlake Fill,47.65424,-122.29137,S347722254
658541856,Virginia Rail,Rallus limicola,2026-05-27,541,United States,Washington,King,Union Bay Natural Area/Montlake Fill,47.65424,-122.29137,S347722254
658541857,Virginia Rail,Rallus limicola,2026-05-27,541,United States,Washington,King,Union Bay Natural Area/Montlake Fill,47.65424,-122.29137,S347722254
658541855,Virginia Rail,Rallus limicola,2026-05-27,541,United States,Washington,King,Union Bay Natural Area/Montlake Fill,47.65424,-122.29137,S347722254
658541841,Canada Goose,Branta canadensis,2026-05-27,541,United States,Washington,King,Union Bay Natural Area/Montlake Fill,47.65424,-122.29137,S347722254
658541848,Mallard,Anas platyrhynchos,2026-05-27,541,United States,Washington,King,Union Bay Natural Area/Montlake Fill,47.65424,-122.29137,S347722254
658391619,Lazuli Bunting,Passerina amoena,2026-05-25,711,United States,Washington,Snohomish,Field's Riffle,47.9166297,-122.1268988,S346491426
658391617,Lazuli Bunting,Passerina amoena,2026-05-25,711,United States,Washington,Snohomish,Field's Riffle,47.9166297,-122.1268988,S346491426
658391618,Lazuli Bunting,Passerina amoena,2026-05-25,711,United States,Washington,Snohomish,Field's Riffle,47.9166297,-122.1268988,S346491426
658391583,Red-winged Blackbird,Agelaius phoeniceus,2026-05-25,711,United States,Washington,Snohomish,Field's Riffle,47.9166297,-122.1268988,S346491426
658391574,Bullock's Oriole,Icterus bullockii,2026-05-25,711,United States,Washington,Snohomish,Field's Riffle,47.9166297,-122.1268988,S346491426
658391575,Bullock's Oriole,Icterus bullockii,2026-05-25,711,United States,Washington,Snohomish,Field's Riffle,47.9166297,-122.1268988,S346491426
658391561,Yellow-headed Blackbird,Xanthocephalus xanthocephalus,2026-05-25,711,United States,Washington,Snohomish,Field's Riffle,47.9166297,-122.1268988,S346491426
658391552,White-crowned Sparrow,Zonotrichia leucophrys,2026-05-25,711,United States,Washington,Snohomish,Field's Riffle,47.9166297,-122.1268988,S346491426
658391551,White-crowned Sparrow,Zonotrichia leucophrys,2026-05-25,711,United States,Washington,Snohomish,Field's Riffle,47.9166297,-122.1268988,S346491426
658391544,American Goldfinch,Spinus tristis,2026-05-25,711,United States,Washington,Snohomish,Field's Riffle,47.9166297,-122.1268988,S346491426
658391536,American Robin,Turdus migratorius,2026-05-25,711,United States,Washington,Snohomish,Field's Riffle,47.9166297,-122.1268988,S346491426
658391512,Hairy Woodpecker,Leuconotopicus villosus,2026-05-25,711,United States,Washington,Snohomish,Field's Riffle,47.9166297,-122.1268988,S346491426
658391487,Red-tailed Hawk,Buteo jamaicensis,2026-05-25,711,United States,Washington,Snohomish,Field's Riffle,47.9166297,-122.1268988,S346491426
658391486,Red-tailed Hawk,Buteo jamaicensis,2026-05-25,711,United States,Washington,Snohomish,Field's Riffle,47.9166297,-122.1268988,S346491426
658391485,Red-tailed Hawk,Buteo jamaicensis,2026-05-25,711,United States,Washington,Snohomish,Field's Riffle,47.9166297,-122.1268988,S346491426
658391472,Bald Eagle,Haliaeetus leucocephalus,2026-05-25,711,United States,Washington,Snohomish,Field's Riffle,47.9166297,-122.1268988,S346491426
658391460,Mourning Dove,Zenaida macroura,2026-05-25,711,United States,Washington,Snohomish,Field's Riffle,47.9166297,-122.1268988,S346491426
658248512,Barred Owl,Strix varia,2026-05-23,1734,United States,Washington,King,Ravenna Park / Cowen Park,47.6721788,-122.3064566,S345067581
658248510,Barred Owl,Strix varia,2026-05-23,1734,United States,Washington,King,Ravenna Park / Cowen Park,47.6721788,-122.3064566,S345067581
658248513,Barred Owl,Strix varia,2026-05-23,1734,United States,Washington,King,Ravenna Park / Cowen Park,47.6721788,-122.3064566,S345067581
658248507,Barred Owl,Strix varia,2026-05-23,1734,United States,Washington,King,Ravenna Park / Cowen Park,47.6721788,-122.3064566,S345067581
658004539,Osprey,Pandion haliaetus,2026-05-20,901,United States,Washington,King,Green Lake,47.6783945,-122.3382464,S342994543
658004533,House Finch,Haemorhous mexicanus,2026-05-20,901,United States,Washington,King,Green Lake,47.6783945,-122.3382464,S342994543
658004521,Tree Swallow,Tachycineta bicolor,2026-05-20,901,United States,Washington,King,Green Lake,47.6783945,-122.3382464,S342994543
658004508,Cliff Swallow,Petrochelidon pyrrhonota,2026-05-20,901,United States,Washington,King,Green Lake,47.6783945,-122.3382464,S342994543
658004505,Cliff Swallow,Petrochelidon pyrrhonota,2026-05-20,901,United States,Washington,King,Green Lake,47.6783945,-122.3382464,S342994543
658004495,Black-capped Chickadee,Poecile atricapillus,2026-05-20,901,United States,Washington,King,Green Lake,47.6783945,-122.3382464,S342994543
658004488,Steller's Jay,Cyanocitta stelleri,2026-05-20,901,United States,Washington,King,Green Lake,47.6783945,-122.3382464,S342994543
658004481,Western Wood-Pewee,Contopus sordidulus,2026-05-20,901,United States,Washington,King,Green Lake,47.6783945,-122.3382464,S342994543
658004463,Mallard (Domestic type),Anas platyrhynchos (Domestic type),2026-05-20,901,United States,Washington,King,Green Lake,47.6783945,-122.3382464,S342994543
658004474,Pied-billed Grebe,Podilymbus podiceps,2026-05-20,901,United States,Washington,King,Green Lake,47.6783945,-122.3382464,S342994543
658004457,Gadwall,Mareca strepera,2026-05-20,901,United States,Washington,King,Green Lake,47.6783945,-122.3382464,S342994543
658004448,Mallard,Anas platyrhynchos,2026-05-20,901,United States,Washington,King,Green Lake,47.6783945,-122.3382464,S342994543
658004449,Mallard,Anas platyrhynchos,2026-05-20,901,United States,Washington,King,Green Lake,47.6783945,-122.3382464,S342994543
658004450,Mallard,Anas platyrhynchos,2026-05-20,901,United States,Washington,King,Green Lake,47.6783945,-122.3382464,S342994543
658004447,Mallard,Anas platyrhynchos,2026-05-20,901,United States,Washington,King,Green Lake,47.6783945,-122.3382464,S342994543
658002650,Bald Eagle,Haliaeetus leucocephalus,2026-05-20,619,United States,Washington,King,Union Bay Natural Area/Montlake Fill,47.65424,-122.29137,S342868105
658002639,Red-winged Blackbird,Agelaius phoeniceus,2026-05-20,619,United States,Washington,King,Union Bay Natural Area/Montlake Fill,47.65424,-122.29137,S342868105
658002478,Song Sparrow,Melospiza melodia,2026-05-20,619,United States,Washington,King,Union Bay Natural Area/Montlake Fill,47.65424,-122.29137,S342868105
658002469,Marsh Wren,Cistothorus palustris,2026-05-20,619,United States,Washington,King,Union Bay Natural Area/Montlake Fill,47.65424,-122.29137,S342868105
658002466,Brown Creeper,Certhia americana,2026-05-20,619,United States,Washington,King,Union Bay Natural Area/Montlake Fill,47.65424,-122.29137,S342868105
658002456,Barn Swallow,Hirundo rustica,2026-05-20,619,United States,Washington,King,Union Bay Natural Area/Montlake Fill,47.65424,-122.29137,S342868105
658002446,Barn Swallow,Hirundo rustica,2026-05-20,619,United States,Washington,King,Union Bay Natural Area/Montlake Fill,47.65424,-122.29137,S342868105
658002443,Barn Swallow,Hirundo rustica,2026-05-20,619,United States,Washington,King,Union Bay Natural Area/Montlake Fill,47.65424,-122.29137,S342868105
658002428,Purple Martin,Progne subis,2026-05-20,619,United States,Washington,King,Union Bay Natural Area/Montlake Fill,47.65424,-122.29137,S342868105
658002423,Tree Swallow,Tachycineta bicolor,2026-05-20,619,United States,Washington,King,Union Bay Natural Area/Montlake Fill,47.65424,-122.29137,S342868105
658002424,Tree Swallow,Tachycineta bicolor,2026-05-20,619,United States,Washington,King,Union Bay Natural Area/Montlake Fill,47.65424,-122.29137,S342868105
658002409,American Crow,Corvus brachyrhynchos,2026-05-20,619,United States,Washington,King,Union Bay Natural Area/Montlake Fill,47.65424,-122.29137,S342868105
658002386,Bald Eagle,Haliaeetus leucocephalus,2026-05-20,619,United States,Washington,King,Union Bay Natural Area/Montlake Fill,47.65424,-122.29137,S342868105
658002374,Great Blue Heron,Ardea herodias,2026-05-20,619,United States,Washington,King,Union Bay Natural Area/Montlake Fill,47.65424,-122.29137,S342868105
658002373,Great Blue Heron,Ardea herodias,2026-05-20,619,United States,Washington,King,Union Bay Natural Area/Montlake Fill,47.65424,-122.29137,S342868105
658002328,Mallard,Anas platyrhynchos,2026-05-20,619,United States,Washington,King,Union Bay Natural Area/Montlake Fill,47.65424,-122.29137,S342868105
658002353,Anna's Hummingbird,Calypte anna,2026-05-20,619,United States,Washington,King,Union Bay Natural Area/Montlake Fill,47.65424,-122.29137,S342868105
658002309,Gadwall,Mareca strepera,2026-05-20,619,United States,Washington,King,Union Bay Natural Area/Montlake Fill,47.65424,-122.29137,S342868105
658002294,Canada Goose,Branta canadensis,2026-05-20,619,United States,Washington,King,Union Bay Natural Area/Montlake Fill,47.65424,-122.29137,S342868105
658002293,Canada Goose,Branta canadensis,2026-05-20,619,United States,Washington,King,Union Bay Natural Area/Montlake Fill,47.65424,-122.29137,S342868105
657542585,Northern Yellow Warbler,Setophaga aestiva,2026-05-15,624,United States,Washington,King,Union Bay Natural Area/Montlake Fill,47.65424,-122.29137,S339377883
657542549,Spotted Towhee,Pipilo maculatus,2026-05-15,624,United States,Washington,King,Union Bay Natural Area/Montlake Fill,47.65424,-122.29137,S339377883
657542557,Osprey,Pandion haliaetus,2026-05-15,624,United States,Washington,King,Union Bay Natural Area/Montlake Fill,47.65424,-122.29137,S339377883
657542536,Cedar Waxwing,Bombycilla cedrorum,2026-05-15,624,United States,Washington,King,Union Bay Natural Area/Montlake Fill,47.65424,-122.29137,S339377883
657542535,Cedar Waxwing,Bombycilla cedrorum,2026-05-15,624,United States,Washington,King,Union Bay Natural Area/Montlake Fill,47.65424,-122.29137,S339377883
657542534,Cedar Waxwing,Bombycilla cedrorum,2026-05-15,624,United States,Washington,King,Union Bay Natural Area/Montlake Fill,47.65424,-122.29137,S339377883
657542504,Marsh Wren,Cistothorus palustris,2026-05-15,624,United States,Washington,King,Union Bay Natural Area/Montlake Fill,47.65424,-122.29137,S339377883
657542503,Marsh Wren,Cistothorus palustris,2026-05-15,624,United States,Washington,King,Union Bay Natural Area/Montlake Fill,47.65424,-122.29137,S339377883
657542519,American Robin,Turdus migratorius,2026-05-15,624,United States,Washington,King,Union Bay Natural Area/Montlake Fill,47.65424,-122.29137,S339377883
657542498,Bushtit,Psaltriparus minimus,2026-05-15,624,United States,Washington,King,Union Bay Natural Area/Montlake Fill,47.65424,-122.29137,S339377883
657542493,Barn Swallow,Hirundo rustica,2026-05-15,624,United States,Washington,King,Union Bay Natural Area/Montlake Fill,47.65424,-122.29137,S339377883
657542479,Osprey,Pandion haliaetus,2026-05-15,624,United States,Washington,King,Union Bay Natural Area/Montlake Fill,47.65424,-122.29137,S339377883
657542449,Mallard,Anas platyrhynchos,2026-05-15,624,United States,Washington,King,Union Bay Natural Area/Montlake Fill,47.65424,-122.29137,S339377883
657542470,Virginia Rail,Rallus limicola,2026-05-15,624,United States,Washington,King,Union Bay Natural Area/Montlake Fill,47.65424,-122.29137,S339377883
657542468,Virginia Rail,Rallus limicola,2026-05-15,624,United States,Washington,King,Union Bay Natural Area/Montlake Fill,47.65424,-122.29137,S339377883
657542469,Virginia Rail,Rallus limicola,2026-05-15,624,United States,Washington,King,Union Bay Natural Area/Montlake Fill,47.65424,-122.29137,S339377883
657542448,Mallard,Anas platyrhynchos,2026-05-15,624,United States,Washington,King,Union Bay Natural Area/Montlake Fill,47.65424,-122.29137,S339377883
657542474,Great Blue Heron,Ardea herodias,2026-05-15,624,United States,Washington,King,Union Bay Natural Area/Montlake Fill,47.65424,-122.29137,S339377883
657542456,Anna's Hummingbird,Calypte anna,2026-05-15,624,United States,Washington,King,Union Bay Natural Area/Montlake Fill,47.65424,-122.29137,S339377883
657542438,Gadwall,Mareca strepera,2026-05-15,624,United States,Washington,King,Union Bay Natural Area/Montlake Fill,47.65424,-122.29137,S339377883
657542432,Blue-winged Teal,Spatula discors,2026-05-15,624,United States,Washington,King,Union Bay Natural Area/Montlake Fill,47.65424,-122.29137,S339377883
657542413,Canada Goose,Branta canadensis,2026-05-15,624,United States,Washington,King,Union Bay Natural Area/Montlake Fill,47.65424,-122.29137,S339377883
657542425,Wood Duck,Aix sponsa,2026-05-15,624,United States,Washington,King,Union Bay Natural Area/Montlake Fill,47.65424,-122.29137,S339377883
657099717,Red-winged Blackbird,Agelaius phoeniceus,2026-05-10,604,United States,Washington,King,Union Bay Natural Area/Montlake Fill,47.65424,-122.29137,S336459661
657099694,Song Sparrow,Melospiza melodia,2026-05-10,604,United States,Washington,King,Union Bay Natural Area/Montlake Fill,47.65424,-122.29137,S336459661
657099664,American Robin,Turdus migratorius,2026-05-10,604,United States,Washington,King,Union Bay Natural Area/Montlake Fill,47.65424,-122.29137,S336459661
657099704,Spotted Towhee,Pipilo maculatus,2026-05-10,604,United States,Washington,King,Union Bay Natural Area/Montlake Fill,47.65424,-122.29137,S336459661
657099652,Marsh Wren,Cistothorus palustris,2026-05-10,604,United States,Washington,King,Union Bay Natural Area/Montlake Fill,47.65424,-122.29137,S336459661
657099634,Purple Martin,Progne subis,2026-05-10,604,United States,Washington,King,Union Bay Natural Area/Montlake Fill,47.65424,-122.29137,S336459661
657099651,Marsh Wren,Cistothorus palustris,2026-05-10,604,United States,Washington,King,Union Bay Natural Area/Montlake Fill,47.65424,-122.29137,S336459661
657099631,Tree Swallow,Tachycineta bicolor,2026-05-10,604,United States,Washington,King,Union Bay Natural Area/Montlake Fill,47.65424,-122.29137,S336459661
657099617,American Crow,Corvus brachyrhynchos,2026-05-10,604,United States,Washington,King,Union Bay Natural Area/Montlake Fill,47.65424,-122.29137,S336459661
657099630,Tree Swallow,Tachycineta bicolor,2026-05-10,604,United States,Washington,King,Union Bay Natural Area/Montlake Fill,47.65424,-122.29137,S336459661
657099599,Downy Woodpecker,Dryobates pubescens,2026-05-10,604,United States,Washington,King,Union Bay Natural Area/Montlake Fill,47.65424,-122.29137,S336459661
657099581,Pied-billed Grebe,Podilymbus podiceps,2026-05-10,604,United States,Washington,King,Union Bay Natural Area/Montlake Fill,47.65424,-122.29137,S336459661
657099548,Virginia Rail,Rallus limicola,2026-05-10,604,United States,Washington,King,Union Bay Natural Area/Montlake Fill,47.65424,-122.29137,S336459661
657099549,Virginia Rail,Rallus limicola,2026-05-10,604,United States,Washington,King,Union Bay Natural Area/Montlake Fill,47.65424,-122.29137,S336459661
657099512,Canada Goose,Branta canadensis,2026-05-10,604,United States,Washington,King,Union Bay Natural Area/Montlake Fill,47.65424,-122.29137,S336459661
657099517,Gadwall,Mareca strepera,2026-05-10,604,United States,Washington,King,Union Bay Natural Area/Montlake Fill,47.65424,-122.29137,S336459661
656678561,Virginia Rail,Rallus limicola,2026-05-05,554,United States,Washington,King,Union Bay Natural Area/Montlake Fill,47.65424,-122.29137,S333055230
656678560,Virginia Rail,Rallus limicola,2026-05-05,554,United States,Washington,King,Union Bay Natural Area/Montlake Fill,47.65424,-122.29137,S333055230
656535032,Wilson's Warbler,Cardellina pusilla,2026-05-03,727,United States,Washington,Grays Harbor,Westhaven SP,46.9011251,-124.1268446,S331882311
656535026,White-crowned Sparrow,Zonotrichia leucophrys,2026-05-03,727,United States,Washington,Grays Harbor,Westhaven SP,46.9011251,-124.1268446,S331882311
656535025,Black Turnstone,Arenaria melanocephala,2026-05-03,727,United States,Washington,Grays Harbor,Westhaven SP,46.9011251,-124.1268446,S331882311
656535019,Black Oystercatcher,Haematopus bachmani,2026-05-03,727,United States,Washington,Grays Harbor,Westhaven SP,46.9011251,-124.1268446,S331882311
656535011,Western Sandpiper,Calidris mauri,2026-05-02,1504,United States,Washington,Grays Harbor,Bottle Beach State Park,46.893277,-124.0468136,S331419171
656535005,Western Sandpiper,Calidris mauri,2026-05-02,1504,United States,Washington,Grays Harbor,Bottle Beach State Park,46.893277,-124.0468136,S331419171
656535002,Semipalmated Plover,Charadrius semipalmatus,2026-05-02,1504,United States,Washington,Grays Harbor,Bottle Beach State Park,46.893277,-124.0468136,S331419171
656534979,Bald Eagle,Haliaeetus leucocephalus,2026-05-02,1255,United States,Washington,Pacific,Tokeland -- Graveyard Spit/Fisher Ave,46.7079709,-123.9877832,S331313814
656534944,Dunlin,Calidris alpina,2026-05-02,1123,United States,Washington,Pacific,Tokeland--marina,46.7063518,-123.9671946,S331300190
656534941,Least Sandpiper,Calidris minutilla,2026-05-02,1123,United States,Washington,Pacific,Tokeland--marina,46.7063518,-123.9671946,S331300190
656534930,Short-billed Dowitcher,Limnodromus griseus,2026-05-02,1123,United States,Washington,Pacific,Tokeland--marina,46.7063518,-123.9671946,S331300190
656534924,Barn Swallow,Hirundo rustica,2026-05-02,1123,United States,Washington,Pacific,Tokeland--marina,46.7063518,-123.9671946,S331300190
656534913,Marbled Godwit,Limosa fedoa,2026-05-02,1123,United States,Washington,Pacific,Tokeland--marina,46.7063518,-123.9671946,S331300190
656534914,Marbled Godwit,Limosa fedoa,2026-05-02,1123,United States,Washington,Pacific,Tokeland--marina,46.7063518,-123.9671946,S331300190
656534904,Hudsonian Whimbrel,Numenius hudsonicus,2026-05-02,1123,United States,Washington,Pacific,Tokeland--marina,46.7063518,-123.9671946,S331300190
656534889,Snowy Plover,Anarhynchus nivosus,2026-05-02,657,United States,Washington,Pacific,Grayland Beach State Park,46.7880721,-124.0941381,S331099224
656534887,Snowy Plover,Anarhynchus nivosus,2026-05-02,657,United States,Washington,Pacific,Grayland Beach State Park,46.7880721,-124.0941381,S331099224
656534861,Semipalmated Plover,Charadrius semipalmatus,2026-05-01,1555,United States,Washington,Grays Harbor,Bottle Beach State Park,46.893277,-124.0468136,S330689398
656534820,Western Sandpiper,Calidris mauri,2026-05-01,1344,United States,Washington,Grays Harbor,Ocean Shores--Bill's Spit,46.9648907,-124.1339435,S330624973
656534818,Western Sandpiper,Calidris mauri,2026-05-01,1344,United States,Washington,Grays Harbor,Ocean Shores--Bill's Spit,46.9648907,-124.1339435,S330624973
656534817,Western Sandpiper,Calidris mauri,2026-05-01,1344,United States,Washington,Grays Harbor,Ocean Shores--Bill's Spit,46.9648907,-124.1339435,S330624973
656534790,Killdeer,Charadrius vociferus,2026-05-01,1206,United States,Washington,Grays Harbor,Ocean Shores--Oyhut Wildlife Area,46.9444663,-124.1522412,S330597903
656534783,Rufous Hummingbird,Selasphorus rufus,2026-05-01,1206,United States,Washington,Grays Harbor,Ocean Shores--Oyhut Wildlife Area,46.9444663,-124.1522412,S330597903
656534746,Sanderling,Calidris alba,2026-05-01,947,United States,Washington,Grays Harbor,Ocean Shores--Pt. Brown Jetty,46.92816,-124.17397,S330514755
656534739,Semipalmated Plover,Charadrius semipalmatus,2026-05-01,947,United States,Washington,Grays Harbor,Ocean Shores--Pt. Brown Jetty,46.92816,-124.17397,S330514755
656534675,Semipalmated Plover,Charadrius semipalmatus,2026-05-01,947,United States,Washington,Grays Harbor,Ocean Shores--Pt. Brown Jetty,46.92816,-124.17397,S330514755
656534659,Marbled Godwit,Limosa fedoa,2026-05-01,947,United States,Washington,Grays Harbor,Ocean Shores--Pt. Brown Jetty,46.92816,-124.17397,S330514755
656534583,Western Gull,Larus occidentalis,2026-05-01,947,United States,Washington,Grays Harbor,Ocean Shores--Pt. Brown Jetty,46.92816,-124.17397,S330514755
656534579,Sanderling,Calidris alba,2026-05-01,947,United States,Washington,Grays Harbor,Ocean Shores--Pt. Brown Jetty,46.92816,-124.17397,S330514755
656534562,Least Sandpiper,Calidris minutilla,2026-05-01,836,United States,Washington,Grays Harbor,Chance A La Mer SP,47.0127422,-124.1698837,S330467906
656534529,California Gull,Larus californicus,2026-05-01,836,United States,Washington,Grays Harbor,Chance A La Mer SP,47.0127422,-124.1698837,S330467906
656534496,Barn Swallow,Hirundo rustica,2026-04-30,1447,United States,Washington,Grays Harbor,Grays Harbor NWR (Bowerman Basin),46.9731644,-123.9436064,S330084156
656534493,Northern Harrier,Circus hudsonius,2026-04-30,1447,United States,Washington,Grays Harbor,Grays Harbor NWR (Bowerman Basin),46.9731644,-123.9436064,S330084156
656534487,Brown-headed Cowbird,Molothrus ater,2026-04-30,1447,United States,Washington,Grays Harbor,Grays Harbor NWR (Bowerman Basin),46.9731644,-123.9436064,S330084156
656534485,Violet-green Swallow,Tachycineta thalassina,2026-04-30,1447,United States,Washington,Grays Harbor,Grays Harbor NWR (Bowerman Basin),46.9731644,-123.9436064,S330084156
656515988,Cliff Swallow,Petrochelidon pyrrhonota,2026-05-03,1049,United States,Washington,Thurston,Billy Frank Jr. Nisqually NWR,47.0812514,-122.7180576,S332089254
656515987,Cliff Swallow,Petrochelidon pyrrhonota,2026-05-03,1049,United States,Washington,Thurston,Billy Frank Jr. Nisqually NWR,47.0812514,-122.7180576,S332089254
656515995,Brown-headed Cowbird,Molothrus ater,2026-05-03,1049,United States,Washington,Thurston,Billy Frank Jr. Nisqually NWR,47.0812514,-122.7180576,S332089254
656515984,Cliff Swallow,Petrochelidon pyrrhonota,2026-05-03,1049,United States,Washington,Thurston,Billy Frank Jr. Nisqually NWR,47.0812514,-122.7180576,S332089254
656515974,Barn Swallow,Hirundo rustica,2026-05-03,1049,United States,Washington,Thurston,Billy Frank Jr. Nisqually NWR,47.0812514,-122.7180576,S332089254
656515959,American Bittern,Botaurus lentiginosus,2026-05-03,1049,United States,Washington,Thurston,Billy Frank Jr. Nisqually NWR,47.0812514,-122.7180576,S332089254
656515966,Bald Eagle,Haliaeetus leucocephalus,2026-05-03,1049,United States,Washington,Thurston,Billy Frank Jr. Nisqually NWR,47.0812514,-122.7180576,S332089254
656515948,Greater Yellowlegs,Tringa melanoleuca,2026-05-03,1049,United States,Washington,Thurston,Billy Frank Jr. Nisqually NWR,47.0812514,-122.7180576,S332089254
656515943,Hudsonian Whimbrel,Numenius hudsonicus,2026-05-03,1049,United States,Washington,Thurston,Billy Frank Jr. Nisqually NWR,47.0812514,-122.7180576,S332089254
655836110,Killdeer,Charadrius vociferus,2026-04-25,724,United States,Washington,Snohomish,"12th St NE, Everett",48.0077981,-122.1706841,S327106784
655747612,Spotted Towhee,Pipilo maculatus,2026-04-24,655,United States,Washington,King,Union Bay Natural Area/Montlake Fill,47.65424,-122.29137,S326594442
655747619,Yellow-rumped Warbler,Setophaga coronata,2026-04-24,655,United States,Washington,King,Union Bay Natural Area/Montlake Fill,47.65424,-122.29137,S326594442
655747595,Marsh Wren,Cistothorus palustris,2026-04-24,655,United States,Washington,King,Union Bay Natural Area/Montlake Fill,47.65424,-122.29137,S326594442
655747586,Purple Martin,Progne subis,2026-04-24,655,United States,Washington,King,Union Bay Natural Area/Montlake Fill,47.65424,-122.29137,S326594442
655747548,Northern Flicker,Colaptes auratus,2026-04-24,655,United States,Washington,King,Union Bay Natural Area/Montlake Fill,47.65424,-122.29137,S326594442
655747577,Tree Swallow,Tachycineta bicolor,2026-04-24,655,United States,Washington,King,Union Bay Natural Area/Montlake Fill,47.65424,-122.29137,S326594442
655747529,Downy Woodpecker,Dryobates pubescens,2026-04-24,655,United States,Washington,King,Union Bay Natural Area/Montlake Fill,47.65424,-122.29137,S326594442
655747520,Bald Eagle,Haliaeetus leucocephalus,2026-04-24,655,United States,Washington,King,Union Bay Natural Area/Montlake Fill,47.65424,-122.29137,S326594442
655747516,Osprey,Pandion haliaetus,2026-04-24,655,United States,Washington,King,Union Bay Natural Area/Montlake Fill,47.65424,-122.29137,S326594442
655747515,Osprey,Pandion haliaetus,2026-04-24,655,United States,Washington,King,Union Bay Natural Area/Montlake Fill,47.65424,-122.29137,S326594442
655747507,Double-crested Cormorant,Nannopterum auritum,2026-04-24,655,United States,Washington,King,Union Bay Natural Area/Montlake Fill,47.65424,-122.29137,S326594442
655747487,Anna's Hummingbird,Calypte anna,2026-04-24,655,United States,Washington,King,Union Bay Natural Area/Montlake Fill,47.65424,-122.29137,S326594442
655747467,Mallard,Anas platyrhynchos,2026-04-24,655,United States,Washington,King,Union Bay Natural Area/Montlake Fill,47.65424,-122.29137,S326594442
655747473,Green-winged Teal,Anas crecca,2026-04-24,655,United States,Washington,King,Union Bay Natural Area/Montlake Fill,47.65424,-122.29137,S326594442
655747451,Canada Goose,Branta canadensis,2026-04-24,655,United States,Washington,King,Union Bay Natural Area/Montlake Fill,47.65424,-122.29137,S326594442
655747460,Gadwall,Mareca strepera,2026-04-24,655,United States,Washington,King,Union Bay Natural Area/Montlake Fill,47.65424,-122.29137,S326594442
655747452,Canada Goose,Branta canadensis,2026-04-24,655,United States,Washington,King,Union Bay Natural Area/Montlake Fill,47.65424,-122.29137,S326594442
655747456,Northern Shoveler,Spatula clypeata,2026-04-24,655,United States,Washington,King,Union Bay Natural Area/Montlake Fill,47.65424,-122.29137,S326594442
655400729,Savannah Sparrow,Passerculus sandwichensis,2026-04-17,1314,United States,Washington,Clallam,Jamestown S'Klallam Tribe Center,48.0252673,-122.9962617,S323134294
655400699,Rhinoceros Auklet,Cerorhinca monocerata,2026-04-17,1438,United States,Washington,Clallam,John Wayne Marina,48.0623184,-123.0416377,S323179015
655400664,Western x Glaucous-winged Gull (hybrid),Larus occidentalis x glaucescens,2026-04-17,1438,United States,Washington,Clallam,John Wayne Marina,48.0623184,-123.0416377,S323179015
655400643,Red-necked Grebe,Podiceps grisegena,2026-04-17,1438,United States,Washington,Clallam,John Wayne Marina,48.0623184,-123.0416377,S323179015
655400634,Short-billed Gull,Larus brachyrhynchus,2026-04-17,1438,United States,Washington,Clallam,John Wayne Marina,48.0623184,-123.0416377,S323179015
655400596,Horned Grebe,Podiceps auritus,2026-04-18,822,United States,Washington,Clallam,Ediz Hook,48.14035,-123.44711,S323667024
655400590,Common Loon,Gavia immer,2026-04-18,822,United States,Washington,Clallam,Ediz Hook,48.14035,-123.44711,S323667024
655400565,White-crowned Sparrow,Zonotrichia leucophrys,2026-04-18,822,United States,Washington,Clallam,Ediz Hook,48.14035,-123.44711,S323667024
655400560,Black Oystercatcher,Haematopus bachmani,2026-04-18,822,United States,Washington,Clallam,Ediz Hook,48.14035,-123.44711,S323667024
655400553,Rock Pigeon (Feral Pigeon),Columba livia (Feral Pigeon),2026-04-18,822,United States,Washington,Clallam,Ediz Hook,48.14035,-123.44711,S323667024
655400549,Marbled Murrelet,Brachyramphus marmoratus,2026-04-18,822,United States,Washington,Clallam,Ediz Hook,48.14035,-123.44711,S323667024
655400533,Long-tailed Duck,Clangula hyemalis,2026-04-18,822,United States,Washington,Clallam,Ediz Hook,48.14035,-123.44711,S323667024
655400500,Belted Kingfisher,Megaceryle alcyon,2026-04-18,1132,United States,Washington,Clallam,Elwha River Mouth,48.1447892,-123.5671808,S323750410
655400492,Rufous Hummingbird,Selasphorus rufus,2026-04-18,1132,United States,Washington,Clallam,Elwha River Mouth,48.1447892,-123.5671808,S323750410
655400479,Red-throated Loon,Gavia stellata,2026-04-18,1132,United States,Washington,Clallam,Elwha River Mouth,48.1447892,-123.5671808,S323750410
655400474,Killdeer,Charadrius vociferus,2026-04-18,1132,United States,Washington,Clallam,Elwha River Mouth,48.1447892,-123.5671808,S323750410
655400440,Yellow-rumped Warbler,Setophaga coronata,2026-04-18,1400,United States,Washington,Clallam,Freshwater Bay,48.1461024,-123.6414242,S323789056
655400437,Orange-crowned Warbler,Leiothlypis celata,2026-04-18,1400,United States,Washington,Clallam,Freshwater Bay,48.1461024,-123.6414242,S323789056
655400432,Northern Rough-winged Swallow,Stelgidopteryx serripennis,2026-04-18,1400,United States,Washington,Clallam,Freshwater Bay,48.1461024,-123.6414242,S323789056
655400407,Song Sparrow,Melospiza melodia,2026-04-18,1900,United States,Washington,Clallam,Dungeness Recreation Area,48.1358788,-123.1915855,S324167538
655400363,Bald Eagle,Haliaeetus leucocephalus,2026-04-19,822,United States,Washington,Clallam,Dungeness River Dike Trail,48.1411863,-123.129295,S324301943
655400356,Black-capped Chickadee,Poecile atricapillus,2026-04-19,822,United States,Washington,Clallam,Dungeness River Dike Trail,48.1411863,-123.129295,S324301943
655400351,Marsh Wren,Cistothorus palustris,2026-04-19,822,United States,Washington,Clallam,Dungeness River Dike Trail,48.1411863,-123.129295,S324301943
655400346,Red-winged Blackbird,Agelaius phoeniceus,2026-04-19,822,United States,Washington,Clallam,Dungeness River Dike Trail,48.1411863,-123.129295,S324301943
655400335,Violet-green Swallow,Tachycineta thalassina,2026-04-19,822,United States,Washington,Clallam,Dungeness River Dike Trail,48.1411863,-123.129295,S324301943
655400102,Sanderling,Calidris alba,2026-04-19,1415,United States,Washington,Clallam,Three Crabs,48.151945,-123.1222855,S324402551
655400091,Least Sandpiper,Calidris minutilla,2026-04-19,1415,United States,Washington,Clallam,Three Crabs,48.151945,-123.1222855,S324402551
655400070,Long-billed Dowitcher,Limnodromus scolopaceus,2026-04-19,1415,United States,Washington,Clallam,Three Crabs,48.151945,-123.1222855,S324402551
655400063,Tree Swallow,Tachycineta bicolor,2026-04-19,1415,United States,Washington,Clallam,Three Crabs,48.151945,-123.1222855,S324402551
655400059,Barn Swallow,Hirundo rustica,2026-04-19,1415,United States,Washington,Clallam,Three Crabs,48.151945,-123.1222855,S324402551
655400046,House Finch,Haemorhous mexicanus,2026-04-19,1415,United States,Washington,Clallam,Three Crabs,48.151945,-123.1222855,S324402551
655399956,Barrow's Goldeneye,Bucephala islandica,2026-04-19,1707,United States,Washington,Kitsap,Kingston Ferry Terminal,47.7958271,-122.496078,S324448943
655399920,White-crowned Sparrow,Zonotrichia leucophrys,2026-04-19,1707,United States,Washington,Kitsap,Kingston Ferry Terminal,47.7958271,-122.496078,S324448943
655399892,Pelagic Cormorant,Urile pelagicus,2026-04-19,1707,United States,Washington,Kitsap,Kingston Ferry Terminal,47.7958271,-122.496078,S324448943
655399906,Double-crested Cormorant,Nannopterum auritum,2026-04-19,1707,United States,Washington,Kitsap,Kingston Ferry Terminal,47.7958271,-122.496078,S324448943
655399882,Brandt's Cormorant,Urile penicillatus,2026-04-19,1707,United States,Washington,Kitsap,Kingston Ferry Terminal,47.7958271,-122.496078,S324448943
655399877,Pigeon Guillemot,Cepphus columba,2026-04-19,1707,United States,Washington,Kitsap,Kingston Ferry Terminal,47.7958271,-122.496078,S324448943
655225169,Barred Owl,Strix varia,2026-04-18,609,United States,Washington,Clallam,Dungeness Recreation Area,48.1358788,-123.1915855,S323453125
654861916,Yellow-rumped Warbler,Setophaga coronata,2026-04-12,720,United States,Washington,King,Union Bay Natural Area/Montlake Fill,47.65424,-122.29137,S320771289
654861897,Red-winged Blackbird,Agelaius phoeniceus,2026-04-12,720,United States,Washington,King,Union Bay Natural Area/Montlake Fill,47.65424,-122.29137,S320771289
654861885,Spotted Towhee,Pipilo maculatus,2026-04-12,720,United States,Washington,King,Union Bay Natural Area/Montlake Fill,47.65424,-122.29137,S320771289
654861876,American Goldfinch,Spinus tristis,2026-04-12,720,United States,Washington,King,Union Bay Natural Area/Montlake Fill,47.65424,-122.29137,S320771289
654861865,House Finch,Haemorhous mexicanus,2026-04-12,720,United States,Washington,King,Union Bay Natural Area/Montlake Fill,47.65424,-122.29137,S320771289
654861860,Marsh Wren,Cistothorus palustris,2026-04-12,720,United States,Washington,King,Union Bay Natural Area/Montlake Fill,47.65424,-122.29137,S320771289
654861859,Marsh Wren,Cistothorus palustris,2026-04-12,720,United States,Washington,King,Union Bay Natural Area/Montlake Fill,47.65424,-122.29137,S320771289
654861837,Bushtit,Psaltriparus minimus,2026-04-12,720,United States,Washington,King,Union Bay Natural Area/Montlake Fill,47.65424,-122.29137,S320771289
654861838,Bushtit,Psaltriparus minimus,2026-04-12,720,United States,Washington,King,Union Bay Natural Area/Montlake Fill,47.65424,-122.29137,S320771289
654861820,Pileated Woodpecker,Dryocopus pileatus,2026-04-12,720,United States,Washington,King,Union Bay Natural Area/Montlake Fill,47.65424,-122.29137,S320771289
654861819,Pileated Woodpecker,Dryocopus pileatus,2026-04-12,720,United States,Washington,King,Union Bay Natural Area/Montlake Fill,47.65424,-122.29137,S320771289
654861802,Osprey,Pandion haliaetus,2026-04-12,720,United States,Washington,King,Union Bay Natural Area/Montlake Fill,47.65424,-122.29137,S320771289
654861798,Osprey,Pandion haliaetus,2026-04-12,720,United States,Washington,King,Union Bay Natural Area/Montlake Fill,47.65424,-122.29137,S320771289
654861800,Osprey,Pandion haliaetus,2026-04-12,720,United States,Washington,King,Union Bay Natural Area/Montlake Fill,47.65424,-122.29137,S320771289
654861786,Double-crested Cormorant,Nannopterum auritum,2026-04-12,720,United States,Washington,King,Union Bay Natural Area/Montlake Fill,47.65424,-122.29137,S320771289
654861772,Killdeer,Charadrius vociferus,2026-04-12,720,United States,Washington,King,Union Bay Natural Area/Montlake Fill,47.65424,-122.29137,S320771289
654861752,Wood Duck,Aix sponsa,2026-04-12,720,United States,Washington,King,Union Bay Natural Area/Montlake Fill,47.65424,-122.29137,S320771289
654685577,Barn Swallow,Hirundo rustica,2026-04-10,930,United States,Washington,Skagit,Skagit Wildlife Area--Wiley Slough,48.3246351,-122.3741287,S319751834
654685570,Red-winged Blackbird,Agelaius phoeniceus,2026-04-10,930,United States,Washington,Skagit,Skagit Wildlife Area--Wiley Slough,48.3246351,-122.3741287,S319751834
654685560,Lincoln's Sparrow,Melospiza lincolnii,2026-04-10,930,United States,Washington,Skagit,Skagit Wildlife Area--Wiley Slough,48.3246351,-122.3741287,S319751834
654685550,Savannah Sparrow,Passerculus sandwichensis,2026-04-10,930,United States,Washington,Skagit,Skagit Wildlife Area--Wiley Slough,48.3246351,-122.3741287,S319751834
654685523,Tree Swallow,Tachycineta bicolor,2026-04-10,930,United States,Washington,Skagit,Skagit Wildlife Area--Wiley Slough,48.3246351,-122.3741287,S319751834
654685522,Tree Swallow,Tachycineta bicolor,2026-04-10,930,United States,Washington,Skagit,Skagit Wildlife Area--Wiley Slough,48.3246351,-122.3741287,S319751834
654685521,Tree Swallow,Tachycineta bicolor,2026-04-10,930,United States,Washington,Skagit,Skagit Wildlife Area--Wiley Slough,48.3246351,-122.3741287,S319751834
654685503,Black Phoebe,Sayornis nigricans,2026-04-10,930,United States,Washington,Skagit,Skagit Wildlife Area--Wiley Slough,48.3246351,-122.3741287,S319751834
654685493,Bald Eagle,Haliaeetus leucocephalus,2026-04-10,930,United States,Washington,Skagit,Skagit Wildlife Area--Wiley Slough,48.3246351,-122.3741287,S319751834
654685497,Downy Woodpecker,Dryobates pubescens,2026-04-10,930,United States,Washington,Skagit,Skagit Wildlife Area--Wiley Slough,48.3246351,-122.3741287,S319751834
654685492,Bald Eagle,Haliaeetus leucocephalus,2026-04-10,930,United States,Washington,Skagit,Skagit Wildlife Area--Wiley Slough,48.3246351,-122.3741287,S319751834
654685479,Great Blue Heron,Ardea herodias,2026-04-10,930,United States,Washington,Skagit,Skagit Wildlife Area--Wiley Slough,48.3246351,-122.3741287,S319751834
654685473,Greater Yellowlegs,Tringa melanoleuca,2026-04-10,930,United States,Washington,Skagit,Skagit Wildlife Area--Wiley Slough,48.3246351,-122.3741287,S319751834
654685218,Horned Grebe,Podiceps auritus,2026-04-10,754,United States,Washington,Snohomish,Edmonds Public Fishing Pier,47.8110241,-122.3899493,S319626376
654685217,Horned Grebe,Podiceps auritus,2026-04-10,754,United States,Washington,Snohomish,Edmonds Public Fishing Pier,47.8110241,-122.3899493,S319626376
654685209,Pigeon Guillemot,Cepphus columba,2026-04-10,754,United States,Washington,Snohomish,Edmonds Public Fishing Pier,47.8110241,-122.3899493,S319626376
654685173,House Finch,Haemorhous mexicanus,2026-04-10,723,United States,Washington,Snohomish,Edmonds Marsh,47.8085287,-122.3864508,S319608405
654685174,House Finch,Haemorhous mexicanus,2026-04-10,723,United States,Washington,Snohomish,Edmonds Marsh,47.8085287,-122.3864508,S319608405
654685167,Violet-green Swallow,Tachycineta thalassina,2026-04-10,723,United States,Washington,Snohomish,Edmonds Marsh,47.8085287,-122.3864508,S319608405
654685160,Tree Swallow,Tachycineta bicolor,2026-04-10,723,United States,Washington,Snohomish,Edmonds Marsh,47.8085287,-122.3864508,S319608405
654685152,Anna's Hummingbird,Calypte anna,2026-04-10,723,United States,Washington,Snohomish,Edmonds Marsh,47.8085287,-122.3864508,S319608405
654685138,Gadwall,Mareca strepera,2026-04-10,723,United States,Washington,Snohomish,Edmonds Marsh,47.8085287,-122.3864508,S319608405
653700922,Dunlin,Calidris alpina,2026-03-28,736,United States,Hawaii,Kauai,Kawai'ele State Waterbird Sanctuary,22.0099791,-159.7679526,S314045091
653397345,Red-tailed Hawk,Buteo jamaicensis,2026-03-22,1100,United States,Washington,Adams,Columbia NWR--Royal Lake,46.8716342,-119.3433344,S312570475
653397333,American Kestrel,Falco sparverius,2026-03-22,1100,United States,Washington,Adams,Columbia NWR--Royal Lake,46.8716342,-119.3433344,S312570475
653396996,Red-winged Blackbird,Agelaius phoeniceus,2026-03-21,1039,United States,Washington,Adams,Para/McCain's Ponds,46.8574296,-119.1854596,S311556119
653396962,Brown-headed Cowbird,Molothrus ater,2026-03-22,819,United States,Washington,Adams,"West Gillis Road, Othello, Washington, US (46.81, -119.347)",46.8100099,-119.347446,S312035095
653396937,Loggerhead Shrike,Lanius ludovicianus,2026-03-22,1002,United States,Washington,Grant,"Lower Crab Creek Road Southeast, Othello, Washington, US (46.81, -119.416)",46.8103875,-119.4164898,S312066452
653396899,European Starling,Sturnus vulgaris,2026-03-21,759,United States,Washington,Grant,Potholes SP,46.9809077,-119.3508177,S311476924
653396878,Great Horned Owl,Bubo virginianus,2026-03-21,759,United States,Washington,Grant,Potholes SP,46.9809077,-119.3508177,S311476924
653396864,Tree Swallow,Tachycineta bicolor,2026-03-21,759,United States,Washington,Grant,Potholes SP,46.9809077,-119.3508177,S311476924
653396863,Tree Swallow,Tachycineta bicolor,2026-03-21,759,United States,Washington,Grant,Potholes SP,46.9809077,-119.3508177,S311476924
653396842,House Finch,Haemorhous mexicanus,2026-03-21,759,United States,Washington,Grant,Potholes SP,46.9809077,-119.3508177,S311476924
653396829,Varied Thrush,Ixoreus naevius,2026-03-21,759,United States,Washington,Grant,Potholes SP,46.9809077,-119.3508177,S311476924
653396808,California Quail,Callipepla californica,2026-03-21,759,United States,Washington,Grant,Potholes SP,46.9809077,-119.3508177,S311476924
653396768,Great Horned Owl,Bubo virginianus,2026-03-20,1804,United States,Washington,Grant,Potholes SP,46.9809077,-119.3508177,S311185088
653396767,Great Horned Owl,Bubo virginianus,2026-03-20,1804,United States,Washington,Grant,Potholes SP,46.9809077,-119.3508177,S311185088
653396766,Great Horned Owl,Bubo virginianus,2026-03-20,1804,United States,Washington,Grant,Potholes SP,46.9809077,-119.3508177,S311185088
653396616,Tree Swallow,Tachycineta bicolor,2026-03-20,1058,United States,Washington,Grant,Potholes Reservoir--south half,46.991357,-119.3181243,S311113230
653396591,Bald Eagle,Haliaeetus leucocephalus,2026-03-20,1058,United States,Washington,Grant,Potholes Reservoir--south half,46.991357,-119.3181243,S311113230
653396490,White-crowned Sparrow,Zonotrichia leucophrys,2026-03-20,805,United States,Washington,Grant,Potholes SP,46.9809077,-119.3508177,S310993075
653396467,Tree Swallow,Tachycineta bicolor,2026-03-19,1747,United States,Washington,Grant,Potholes SP,46.9809077,-119.3508177,S310816477
653396449,American Coot,Fulica americana,2026-03-19,1747,United States,Washington,Grant,Potholes SP,46.9809077,-119.3508177,S310816477
653396428,American Robin,Turdus migratorius,2026-03-19,1747,United States,Washington,Grant,Potholes SP,46.9809077,-119.3508177,S310816477
653396374,Burrowing Owl,Athene cunicularia,2026-03-19,1602,United States,Washington,Grant,"6008 Road 6 Northwest, Ephrata, Washington, US (47.177, -119.619)",47.1771287,-119.6186638,S310788595
653396383,Western Meadowlark,Sturnella neglecta,2026-03-19,1602,United States,Washington,Grant,"6008 Road 6 Northwest, Ephrata, Washington, US (47.177, -119.619)",47.1771287,-119.6186638,S310788595
653396373,Burrowing Owl,Athene cunicularia,2026-03-19,1602,United States,Washington,Grant,"6008 Road 6 Northwest, Ephrata, Washington, US (47.177, -119.619)",47.1771287,-119.6186638,S310788595
653396323,Killdeer,Charadrius vociferus,2026-03-19,1447,United States,Washington,Kittitas,Wanapum SP,46.9005541,-119.9892426,S310774319
653396262,Mountain Bluebird,Sialia currucoides,2026-03-19,1331,United States,Washington,Kittitas,Quilomene Wildlife Area--East Entrance,46.9592845,-120.1404279,S310759735
653396261,Mountain Bluebird,Sialia currucoides,2026-03-19,1331,United States,Washington,Kittitas,Quilomene Wildlife Area--East Entrance,46.9592845,-120.1404279,S310759735
653396263,Mountain Bluebird,Sialia currucoides,2026-03-19,1331,United States,Washington,Kittitas,Quilomene Wildlife Area--East Entrance,46.9592845,-120.1404279,S310759735
653396251,Horned Lark,Eremophila alpestris,2026-03-19,1331,United States,Washington,Kittitas,Quilomene Wildlife Area--East Entrance,46.9592845,-120.1404279,S310759735
653396252,Horned Lark,Eremophila alpestris,2026-03-19,1331,United States,Washington,Kittitas,Quilomene Wildlife Area--East Entrance,46.9592845,-120.1404279,S310759735
652394630,Belted Kingfisher,Megaceryle alcyon,2026-03-08,752,United States,Washington,King,Union Bay Natural Area/Montlake Fill,47.65424,-122.29137,S307285086
652394615,Double-crested Cormorant,Nannopterum auritum,2026-03-08,752,United States,Washington,King,Union Bay Natural Area/Montlake Fill,47.65424,-122.29137,S307285086
652394606,Ring-necked Duck,Aythya collaris,2026-03-08,752,United States,Washington,King,Union Bay Natural Area/Montlake Fill,47.65424,-122.29137,S307285086
652394610,Pied-billed Grebe,Podilymbus podiceps,2026-03-08,752,United States,Washington,King,Union Bay Natural Area/Montlake Fill,47.65424,-122.29137,S307285086
651959166,Belted Kingfisher,Megaceryle alcyon,2026-03-01,645,United States,Washington,King,Union Bay Natural Area/Montlake Fill,47.65424,-122.29137,S305068426
651953829,Yellow-rumped Warbler,Setophaga coronata,2026-03-01,645,United States,Washington,King,Union Bay Natural Area/Montlake Fill,47.65424,-122.29137,S305068426
651953781,Red-winged Blackbird,Agelaius phoeniceus,2026-03-01,645,United States,Washington,King,Union Bay Natural Area/Montlake Fill,47.65424,-122.29137,S305068426
651953767,Tree Swallow,Tachycineta bicolor,2026-03-01,645,United States,Washington,King,Union Bay Natural Area/Montlake Fill,47.65424,-122.29137,S305068426
651953748,Black-capped Chickadee,Poecile atricapillus,2026-03-01,645,United States,Washington,King,Union Bay Natural Area/Montlake Fill,47.65424,-122.29137,S305068426
651953738,Northern Flicker,Colaptes auratus,2026-03-01,645,United States,Washington,King,Union Bay Natural Area/Montlake Fill,47.65424,-122.29137,S305068426
651953737,Northern Flicker,Colaptes auratus,2026-03-01,645,United States,Washington,King,Union Bay Natural Area/Montlake Fill,47.65424,-122.29137,S305068426
651953736,Northern Flicker,Colaptes auratus,2026-03-01,645,United States,Washington,King,Union Bay Natural Area/Montlake Fill,47.65424,-122.29137,S305068426
651953716,Downy Woodpecker,Dryobates pubescens,2026-03-01,645,United States,Washington,King,Union Bay Natural Area/Montlake Fill,47.65424,-122.29137,S305068426
651953699,Belted Kingfisher,Megaceryle alcyon,2026-03-01,645,United States,Washington,King,Union Bay Natural Area/Montlake Fill,47.65424,-122.29137,S305068426
651953698,Belted Kingfisher,Megaceryle alcyon,2026-03-01,645,United States,Washington,King,Union Bay Natural Area/Montlake Fill,47.65424,-122.29137,S305068426
651953658,Bald Eagle,Haliaeetus leucocephalus,2026-03-01,645,United States,Washington,King,Union Bay Natural Area/Montlake Fill,47.65424,-122.29137,S305068426
651953657,Red-tailed Hawk,Buteo jamaicensis,2026-03-01,645,United States,Washington,King,Union Bay Natural Area/Montlake Fill,47.65424,-122.29137,S305068426
651953656,Cooper's Hawk,Astur cooperii,2026-03-01,645,United States,Washington,King,Union Bay Natural Area/Montlake Fill,47.65424,-122.29137,S305068426
651953607,Great Blue Heron,Ardea herodias,2026-03-01,645,United States,Washington,King,Union Bay Natural Area/Montlake Fill,47.65424,-122.29137,S305068426
651953593,Green Heron,Butorides virescens,2026-03-01,645,United States,Washington,King,Union Bay Natural Area/Montlake Fill,47.65424,-122.29137,S305068426
651953594,Green Heron,Butorides virescens,2026-03-01,645,United States,Washington,King,Union Bay Natural Area/Montlake Fill,47.65424,-122.29137,S305068426
651953576,Double-crested Cormorant,Nannopterum auritum,2026-03-01,645,United States,Washington,King,Union Bay Natural Area/Montlake Fill,47.65424,-122.29137,S305068426
651953555,American Coot,Fulica americana,2026-03-01,645,United States,Washington,King,Union Bay Natural Area/Montlake Fill,47.65424,-122.29137,S305068426
651953556,American Coot,Fulica americana,2026-03-01,645,United States,Washington,King,Union Bay Natural Area/Montlake Fill,47.65424,-122.29137,S305068426
651953519,Anna's Hummingbird,Calypte anna,2026-03-01,645,United States,Washington,King,Union Bay Natural Area/Montlake Fill,47.65424,-122.29137,S305068426
651953512,Hooded Merganser,Lophodytes cucullatus,2026-03-01,645,United States,Washington,King,Union Bay Natural Area/Montlake Fill,47.65424,-122.29137,S305068426
651953484,Green-winged Teal,Anas crecca,2026-03-01,645,United States,Washington,King,Union Bay Natural Area/Montlake Fill,47.65424,-122.29137,S305068426
651953457,Mallard,Anas platyrhynchos,2026-03-01,645,United States,Washington,King,Union Bay Natural Area/Montlake Fill,47.65424,-122.29137,S305068426
651953445,Gadwall,Mareca strepera,2026-03-01,645,United States,Washington,King,Union Bay Natural Area/Montlake Fill,47.65424,-122.29137,S305068426
651953430,Northern Shoveler,Spatula clypeata,2026-03-01,645,United States,Washington,King,Union Bay Natural Area/Montlake Fill,47.65424,-122.29137,S305068426
651953422,Wood Duck,Aix sponsa,2026-03-01,645,United States,Washington,King,Union Bay Natural Area/Montlake Fill,47.65424,-122.29137,S305068426
651953415,Canada Goose,Branta canadensis,2026-03-01,645,United States,Washington,King,Union Bay Natural Area/Montlake Fill,47.65424,-122.29137,S305068426
651953398,Barn Swallow,Hirundo rustica,2026-03-01,645,United States,Washington,King,Union Bay Natural Area/Montlake Fill,47.65424,-122.29137,S305068426
651822654,Cinnamon Teal,Spatula cyanoptera,2026-02-27,1310,United States,Washington,Snohomish,Lowell Riverfront Trail,47.9560191,-122.1890402,S304371242
651822610,Red-winged Blackbird,Agelaius phoeniceus,2026-02-27,839,United States,Washington,Snohomish,Everett Sewage Lagoons,47.9988889,-122.17,S304355760
651822608,Song Sparrow,Melospiza melodia,2026-02-27,839,United States,Washington,Snohomish,Everett Sewage Lagoons,47.9988889,-122.17,S304355760
651822601,Bald Eagle,Haliaeetus leucocephalus,2026-02-27,839,United States,Washington,Snohomish,Everett Sewage Lagoons,47.9988889,-122.17,S304355760
651822597,Northern Harrier,Circus hudsonius,2026-02-27,839,United States,Washington,Snohomish,Everett Sewage Lagoons,47.9988889,-122.17,S304355760
651822593,Great Blue Heron,Ardea herodias,2026-02-27,839,United States,Washington,Snohomish,Everett Sewage Lagoons,47.9988889,-122.17,S304355760
651822594,Great Blue Heron,Ardea herodias,2026-02-27,839,United States,Washington,Snohomish,Everett Sewage Lagoons,47.9988889,-122.17,S304355760
651822587,Greater Yellowlegs,Tringa melanoleuca,2026-02-27,839,United States,Washington,Snohomish,Everett Sewage Lagoons,47.9988889,-122.17,S304355760
651822585,Wilson's Snipe,Gallinago delicata,2026-02-27,839,United States,Washington,Snohomish,Everett Sewage Lagoons,47.9988889,-122.17,S304355760
651822580,Killdeer,Charadrius vociferus,2026-02-27,839,United States,Washington,Snohomish,Everett Sewage Lagoons,47.9988889,-122.17,S304355760
651822570,Anna's Hummingbird,Calypte anna,2026-02-27,839,United States,Washington,Snohomish,Everett Sewage Lagoons,47.9988889,-122.17,S304355760
651822565,Eurasian Collared-Dove,Streptopelia decaocto,2026-02-27,839,United States,Washington,Snohomish,Everett Sewage Lagoons,47.9988889,-122.17,S304355760
651822562,Ruddy Duck,Oxyura jamaicensis,2026-02-27,839,United States,Washington,Snohomish,Everett Sewage Lagoons,47.9988889,-122.17,S304355760
651822554,Gadwall,Mareca strepera,2026-02-27,839,United States,Washington,Snohomish,Everett Sewage Lagoons,47.9988889,-122.17,S304355760
651822551,Northern Pintail,Anas acuta,2026-02-27,839,United States,Washington,Snohomish,Everett Sewage Lagoons,47.9988889,-122.17,S304355760
651822543,Northern Shoveler,Spatula clypeata,2026-02-27,839,United States,Washington,Snohomish,Everett Sewage Lagoons,47.9988889,-122.17,S304355760
651820819,Tree Swallow,Tachycineta bicolor,2026-02-27,839,United States,Washington,Snohomish,Everett Sewage Lagoons,47.9988889,-122.17,S304355760
650788483,Golden-crowned Kinglet,Regulus satrapa,2026-02-12,1526,United States,Washington,King,Carkeek Park,47.7126411,-122.377647,S299853433
650788478,American Crow,Corvus brachyrhynchos,2026-02-12,1526,United States,Washington,King,Carkeek Park,47.7126411,-122.377647,S299853433
650788482,Brown Creeper,Certhia americana,2026-02-12,1526,United States,Washington,King,Carkeek Park,47.7126411,-122.377647,S299853433
650788471,Horned Grebe,Podiceps auritus,2026-02-12,1526,United States,Washington,King,Carkeek Park,47.7126411,-122.377647,S299853433
650788467,Killdeer,Charadrius vociferus,2026-02-12,1526,United States,Washington,King,Carkeek Park,47.7126411,-122.377647,S299853433
650788464,Barrow's Goldeneye,Bucephala islandica,2026-02-12,1526,United States,Washington,King,Carkeek Park,47.7126411,-122.377647,S299853433
650788459,Surf Scoter,Melanitta perspicillata,2026-02-12,1526,United States,Washington,King,Carkeek Park,47.7126411,-122.377647,S299853433
650788457,American Wigeon,Mareca americana,2026-02-12,1526,United States,Washington,King,Carkeek Park,47.7126411,-122.377647,S299853433
650788449,Eurasian Wigeon,Mareca penelope,2026-02-12,1526,United States,Washington,King,Carkeek Park,47.7126411,-122.377647,S299853433
650788448,Eurasian Wigeon,Mareca penelope,2026-02-12,1526,United States,Washington,King,Carkeek Park,47.7126411,-122.377647,S299853433
650546298,Red-winged Blackbird,Agelaius phoeniceus,2026-02-08,730,United States,Washington,King,Union Bay Natural Area/Montlake Fill,47.65424,-122.29137,S298942557
650546288,House Finch,Haemorhous mexicanus,2026-02-08,730,United States,Washington,King,Union Bay Natural Area/Montlake Fill,47.65424,-122.29137,S298942557
650546279,Ruby-crowned Kinglet,Corthylio calendula,2026-02-08,730,United States,Washington,King,Union Bay Natural Area/Montlake Fill,47.65424,-122.29137,S298942557
650546280,Ruby-crowned Kinglet,Corthylio calendula,2026-02-08,730,United States,Washington,King,Union Bay Natural Area/Montlake Fill,47.65424,-122.29137,S298942557
650546267,Bushtit,Psaltriparus minimus,2026-02-08,730,United States,Washington,King,Union Bay Natural Area/Montlake Fill,47.65424,-122.29137,S298942557
650546250,Bald Eagle,Haliaeetus leucocephalus,2026-02-08,730,United States,Washington,King,Union Bay Natural Area/Montlake Fill,47.65424,-122.29137,S298942557
650546239,Great Blue Heron,Ardea herodias,2026-02-08,730,United States,Washington,King,Union Bay Natural Area/Montlake Fill,47.65424,-122.29137,S298942557
650546254,Bald Eagle,Haliaeetus leucocephalus,2026-02-08,730,United States,Washington,King,Union Bay Natural Area/Montlake Fill,47.65424,-122.29137,S298942557
650546252,Bald Eagle,Haliaeetus leucocephalus,2026-02-08,730,United States,Washington,King,Union Bay Natural Area/Montlake Fill,47.65424,-122.29137,S298942557
650546234,Double-crested Cormorant,Nannopterum auritum,2026-02-08,730,United States,Washington,King,Union Bay Natural Area/Montlake Fill,47.65424,-122.29137,S298942557
650546223,Anna's Hummingbird,Calypte anna,2026-02-08,730,United States,Washington,King,Union Bay Natural Area/Montlake Fill,47.65424,-122.29137,S298942557
650546224,Anna's Hummingbird,Calypte anna,2026-02-08,730,United States,Washington,King,Union Bay Natural Area/Montlake Fill,47.65424,-122.29137,S298942557
650546209,Ring-necked Duck,Aythya collaris,2026-02-08,730,United States,Washington,King,Union Bay Natural Area/Montlake Fill,47.65424,-122.29137,S298942557
650546208,Ring-necked Duck,Aythya collaris,2026-02-08,730,United States,Washington,King,Union Bay Natural Area/Montlake Fill,47.65424,-122.29137,S298942557
650546198,Canada Goose,Branta canadensis,2026-02-08,730,United States,Washington,King,Union Bay Natural Area/Montlake Fill,47.65424,-122.29137,S298942557
649620033,Red-winged Blackbird,Agelaius phoeniceus,2026-01-25,810,United States,Washington,King,Juanita Bay Park,47.6981686,-122.2101878,S296271926
649620001,House Finch,Haemorhous mexicanus,2026-01-25,810,United States,Washington,King,Juanita Bay Park,47.6981686,-122.2101878,S296271926
649620018,Red-winged Blackbird,Agelaius phoeniceus,2026-01-25,810,United States,Washington,King,Juanita Bay Park,47.6981686,-122.2101878,S296271926
649620013,Spotted Towhee,Pipilo maculatus,2026-01-25,810,United States,Washington,King,Juanita Bay Park,47.6981686,-122.2101878,S296271926
649619984,Bewick's Wren,Thryomanes bewickii,2026-01-25,810,United States,Washington,King,Juanita Bay Park,47.6981686,-122.2101878,S296271926
649619959,Bushtit,Psaltriparus minimus,2026-01-25,810,United States,Washington,King,Juanita Bay Park,47.6981686,-122.2101878,S296271926
649619945,Chestnut-backed Chickadee,Poecile rufescens,2026-01-25,810,United States,Washington,King,Juanita Bay Park,47.6981686,-122.2101878,S296271926
649619941,Black-capped Chickadee,Poecile atricapillus,2026-01-25,810,United States,Washington,King,Juanita Bay Park,47.6981686,-122.2101878,S296271926
649619936,Downy Woodpecker,Dryobates pubescens,2026-01-25,810,United States,Washington,King,Juanita Bay Park,47.6981686,-122.2101878,S296271926
649619926,Belted Kingfisher,Megaceryle alcyon,2026-01-25,810,United States,Washington,King,Juanita Bay Park,47.6981686,-122.2101878,S296271926
649619916,Red-tailed Hawk,Buteo jamaicensis,2026-01-25,810,United States,Washington,King,Juanita Bay Park,47.6981686,-122.2101878,S296271926
649619906,Bald Eagle,Haliaeetus leucocephalus,2026-01-25,810,United States,Washington,King,Juanita Bay Park,47.6981686,-122.2101878,S296271926
649619896,Common Merganser,Mergus merganser,2026-01-25,810,United States,Washington,King,Juanita Bay Park,47.6981686,-122.2101878,S296271926
649619891,Bufflehead,Bucephala albeola,2026-01-25,810,United States,Washington,King,Juanita Bay Park,47.6981686,-122.2101878,S296271926
649619860,Gadwall,Mareca strepera,2026-01-25,810,United States,Washington,King,Juanita Bay Park,47.6981686,-122.2101878,S296271926
649619878,Green-winged Teal,Anas crecca,2026-01-25,810,United States,Washington,King,Juanita Bay Park,47.6981686,-122.2101878,S296271926
649619851,Wood Duck,Aix sponsa,2026-01-25,810,United States,Washington,King,Juanita Bay Park,47.6981686,-122.2101878,S296271926
649619853,Wood Duck,Aix sponsa,2026-01-25,810,United States,Washington,King,Juanita Bay Park,47.6981686,-122.2101878,S296271926
649619827,Trumpeter Swan,Cygnus buccinator,2026-01-25,810,United States,Washington,King,Juanita Bay Park,47.6981686,-122.2101878,S296271926
649262141,Short-eared Owl,Asio flammeus,2026-01-19,724,United States,Washington,Skagit,Samish Flats--East 90,48.5485465,-122.4661446,S295176122
649262142,Short-eared Owl,Asio flammeus,2026-01-19,724,United States,Washington,Skagit,Samish Flats--East 90,48.5485465,-122.4661446,S295176122
649262140,Short-eared Owl,Asio flammeus,2026-01-19,724,United States,Washington,Skagit,Samish Flats--East 90,48.5485465,-122.4661446,S295176122
649262132,Trumpeter Swan,Cygnus buccinator,2026-01-19,724,United States,Washington,Skagit,Samish Flats--East 90,48.5485465,-122.4661446,S295176122
649261957,Long-billed Dowitcher,Limnodromus scolopaceus,2026-01-19,1032,United States,Washington,Skagit,Skagit Wildlife Area--Fir Island Farm Reserve (Hayton Reserve),48.3356338,-122.4131659,S295207120
649261961,Dunlin,Calidris alpina,2026-01-19,1032,United States,Washington,Skagit,Skagit Wildlife Area--Fir Island Farm Reserve (Hayton Reserve),48.3356338,-122.4131659,S295207120
649261841,Northern Harrier,Circus hudsonius,2026-01-19,1125,United States,Washington,Skagit,Skagit Wildlife Area--Wiley Slough,48.3246351,-122.3741287,S295226157
649261836,Downy Woodpecker,Dryobates pubescens,2026-01-19,1125,United States,Washington,Skagit,Skagit Wildlife Area--Wiley Slough,48.3246351,-122.3741287,S295226157
649261832,Bald Eagle,Haliaeetus leucocephalus,2026-01-19,1125,United States,Washington,Skagit,Skagit Wildlife Area--Wiley Slough,48.3246351,-122.3741287,S295226157
649233968,Black Phoebe,Sayornis nigricans,2026-01-19,1125,United States,Washington,Skagit,Skagit Wildlife Area--Wiley Slough,48.3246351,-122.3741287,S295226157
649185966,Red-winged Blackbird,Agelaius phoeniceus,2026-01-18,805,United States,Washington,King,Union Bay Natural Area/Montlake Fill,47.65424,-122.29137,S295024890
649185951,Song Sparrow,Melospiza melodia,2026-01-18,805,United States,Washington,King,Union Bay Natural Area/Montlake Fill,47.65424,-122.29137,S295024890
649185938,Dark-eyed Junco,Junco hyemalis,2026-01-18,805,United States,Washington,King,Union Bay Natural Area/Montlake Fill,47.65424,-122.29137,S295024890
649185929,Marsh Wren,Cistothorus palustris,2026-01-18,805,United States,Washington,King,Union Bay Natural Area/Montlake Fill,47.65424,-122.29137,S295024890
649185912,Belted Kingfisher,Megaceryle alcyon,2026-01-18,805,United States,Washington,King,Union Bay Natural Area/Montlake Fill,47.65424,-122.29137,S295024890
649185892,Great Blue Heron,Ardea herodias,2026-01-18,805,United States,Washington,King,Union Bay Natural Area/Montlake Fill,47.65424,-122.29137,S295024890
649185906,Bald Eagle,Haliaeetus leucocephalus,2026-01-18,805,United States,Washington,King,Union Bay Natural Area/Montlake Fill,47.65424,-122.29137,S295024890
649185905,Bald Eagle,Haliaeetus leucocephalus,2026-01-18,805,United States,Washington,King,Union Bay Natural Area/Montlake Fill,47.65424,-122.29137,S295024890
649185882,Double-crested Cormorant,Nannopterum auritum,2026-01-18,805,United States,Washington,King,Union Bay Natural Area/Montlake Fill,47.65424,-122.29137,S295024890
649185880,Pied-billed Grebe,Podilymbus podiceps,2026-01-18,805,United States,Washington,King,Union Bay Natural Area/Montlake Fill,47.65424,-122.29137,S295024890
649185870,American Coot,Fulica americana,2026-01-18,805,United States,Washington,King,Union Bay Natural Area/Montlake Fill,47.65424,-122.29137,S295024890
649185855,Bufflehead,Bucephala albeola,2026-01-18,805,United States,Washington,King,Union Bay Natural Area/Montlake Fill,47.65424,-122.29137,S295024890
649185864,Anna's Hummingbird,Calypte anna,2026-01-18,805,United States,Washington,King,Union Bay Natural Area/Montlake Fill,47.65424,-122.29137,S295024890
649185860,Hooded Merganser,Lophodytes cucullatus,2026-01-18,805,United States,Washington,King,Union Bay Natural Area/Montlake Fill,47.65424,-122.29137,S295024890
649185846,Lesser Scaup,Aythya affinis,2026-01-18,805,United States,Washington,King,Union Bay Natural Area/Montlake Fill,47.65424,-122.29137,S295024890
649185815,Canada Goose,Branta canadensis,2026-01-18,805,United States,Washington,King,Union Bay Natural Area/Montlake Fill,47.65424,-122.29137,S295024890
649185826,Gadwall,Mareca strepera,2026-01-18,805,United States,Washington,King,Union Bay Natural Area/Montlake Fill,47.65424,-122.29137,S295024890
649185823,Northern Shoveler,Spatula clypeata,2026-01-18,805,United States,Washington,King,Union Bay Natural Area/Montlake Fill,47.65424,-122.29137,S295024890
649179286,Killdeer,Charadrius vociferus,2026-01-18,1616,United States,Washington,King,Carkeek Park,47.7126411,-122.377647,S295072515
648642478,Horned Grebe,Podiceps auritus,2026-01-10,1205,United States,Washington,Snohomish,Edmonds Waterfront,47.8119268,-122.3854144,S293545903
648642416,Pelagic Cormorant,Urile pelagicus,2026-01-10,1205,United States,Washington,Snohomish,Edmonds Waterfront,47.8119268,-122.3854144,S293545903
648642319,Red-necked Grebe,Podiceps grisegena,2026-01-10,1205,United States,Washington,Snohomish,Edmonds Waterfront,47.8119268,-122.3854144,S293545903
648642286,Pigeon Guillemot,Cepphus columba,2026-01-10,1205,United States,Washington,Snohomish,Edmonds Waterfront,47.8119268,-122.3854144,S293545903
648642287,Pigeon Guillemot,Cepphus columba,2026-01-10,1205,United States,Washington,Snohomish,Edmonds Waterfront,47.8119268,-122.3854144,S293545903
648642257,Anna's Hummingbird,Calypte anna,2026-01-10,1205,United States,Washington,Snohomish,Edmonds Waterfront,47.8119268,-122.3854144,S293545903
648642242,Rock Pigeon (Feral Pigeon),Columba livia (Feral Pigeon),2026-01-10,1205,United States,Washington,Snohomish,Edmonds Waterfront,47.8119268,-122.3854144,S293545903
648642231,Brant,Branta bernicla,2026-01-10,1205,United States,Washington,Snohomish,Edmonds Waterfront,47.8119268,-122.3854144,S293545903
648642230,Brant,Branta bernicla,2026-01-10,1205,United States,Washington,Snohomish,Edmonds Waterfront,47.8119268,-122.3854144,S293545903
648642194,Spotted Towhee,Pipilo maculatus,2026-01-10,1107,United States,Washington,Snohomish,Edmonds Marsh,47.8085287,-122.3864508,S293525790
648642138,Marsh Wren,Cistothorus palustris,2026-01-10,1107,United States,Washington,Snohomish,Edmonds Marsh,47.8085287,-122.3864508,S293525790
648642132,American Crow,Corvus brachyrhynchos,2026-01-10,1107,United States,Washington,Snohomish,Edmonds Marsh,47.8085287,-122.3864508,S293525790
648016488,Great Blue Heron,Ardea herodias,2026-01-01,1037,United States,Washington,King,Juanita Bay Park,47.6981686,-122.2101878,S291712899
648016474,Dark-eyed Junco,Junco hyemalis,2026-01-01,1037,United States,Washington,King,Juanita Bay Park,47.6981686,-122.2101878,S291712899
648016453,Double-crested Cormorant,Nannopterum auritum,2026-01-01,1037,United States,Washington,King,Juanita Bay Park,47.6981686,-122.2101878,S291712899
648016464,Bald Eagle,Haliaeetus leucocephalus,2026-01-01,1037,United States,Washington,King,Juanita Bay Park,47.6981686,-122.2101878,S291712899
648016444,Wilson's Snipe,Gallinago delicata,2026-01-01,1037,United States,Washington,King,Juanita Bay Park,47.6981686,-122.2101878,S291712899
648016433,Killdeer,Charadrius vociferus,2026-01-01,1037,United States,Washington,King,Juanita Bay Park,47.6981686,-122.2101878,S291712899
648016413,American Coot,Fulica americana,2026-01-01,1037,United States,Washington,King,Juanita Bay Park,47.6981686,-122.2101878,S291712899
648016389,Wood Duck,Aix sponsa,2026-01-01,1037,United States,Washington,King,Juanita Bay Park,47.6981686,-122.2101878,S291712899
648016397,Gadwall,Mareca strepera,2026-01-01,1037,United States,Washington,King,Juanita Bay Park,47.6981686,-122.2101878,S291712899
648016390,Wood Duck,Aix sponsa,2026-01-01,1037,United States,Washington,King,Juanita Bay Park,47.6981686,-122.2101878,S291712899
