state,name,media
US-CA,American Avocet,659894433 659894434
US-CA,American Crow,
US-CA,American Robin,
US-CA,Anna's Hummingbird,659894387
US-CA,Barn Swallow,
US-CA,Black Oystercatcher,
US-CA,Black Phoebe,659894396 659894397
US-CA,Black-bellied Plover,659894591
US-CA,Black-crowned Night Heron,659894402 659894403
US-CA,Brewer's Blackbird,
US-CA,Brown Pelican,659894589
US-CA,Brown-headed Cowbird,
US-CA,Bushtit,659894588
US-CA,California Towhee,659894578 659894579
US-CA,Canada Goose,
US-CA,Caspian Tern,
US-CA,Cedar Waxwing,
US-CA,Cliff Swallow,
US-CA,Double-crested Cormorant,
US-CA,European Starling,659894398
US-CA,Great Blue Heron,
US-CA,House Finch,659894574 659894575 659894576 659894404
US-CA,House Sparrow,
US-CA,Killdeer,
US-CA,Lesser Goldfinch,
US-CA,Long-billed Curlew,659894437
US-CA,Mallard,
US-CA,Marbled Godwit,
US-CA,Northern Mockingbird,
US-CA,Orange-crowned Warbler,
US-CA,Red-winged Blackbird,
US-CA,Ring-billed Gull,
US-CA,Rock Pigeon,
US-CA,Rock Pigeon (Feral Pigeon),
US-CA,Savannah Sparrow,
US-CA,Snowy Egret,
US-CA,Song Sparrow,
US-CA,Spotted Towhee,
US-CA,Tree Swallow,
US-CA,Western Gull,
US-CA,White-crowned Sparrow,659894581
US-HI,American Barn Owl,662833478 662833479
US-HI,Black-crowned Night Heron,662833738
US-HI,Black-necked Stilt,662833731 662833785 662833786
US-HI,Brown Booby,
US-HI,Chestnut Munia,
US-HI,Common Gallinule,662833766
US-HI,Common Myna,662833572
US-HI,Dunlin,662833874
US-HI,Erckel's Spurfowl,
US-HI,Great Frigatebird,
US-HI,Hawaiian Coot,662833779
US-HI,Hawaiian Duck,
US-HI,Hawaiian Goose,662833546
US-HI,House Finch,662833789
US-HI,House Sparrow,662833581 662833582
US-HI,Java Sparrow,662833971
US-HI,Laysan Albatross,662833652 662833653
US-HI,Northern Cardinal,662833843 662833844
US-HI,Northern Mockingbird,662834037
US-HI,Pacific Golden-Plover,662833747 662833834 662833563
US-HI,Red-crested Cardinal,662833577 662833578 662834057
US-HI,Red-footed Booby,662833632 662833646
US-HI,Red-tailed Tropicbird,662833637 662833638 662833640
US-HI,Rock Pigeon (Feral Pigeon),
US-HI,Rose-ringed Parakeet,
US-HI,Ruddy Turnstone,662833800
US-HI,Saffron Finch,662833958
US-HI,Sanderling,662833858
US-HI,Scaly-breasted Munia,662833947 662833948
US-HI,Spotted Dove,662833549
US-HI,Wandering Tattler,662833754
US-HI,Warbling White-eye,662833568
US-HI,Wedge-tailed Shearwater,662833657
US-HI,Western Cattle-Egret,662833565 662833566
US-HI,White-rumped Shama,662833719 662833720
US-HI,White-tailed Tropicbird,
US-HI,Zebra Dove,
US-OR,American Robin,
US-OR,Bullock's Oriole,
US-OR,California Quail,
US-OR,Canada Jay,
US-OR,Cassin's Finch,
US-OR,Clark's Nutcracker,
US-OR,Evening Grosbeak,
US-OR,Lazuli Bunting,
US-OR,Mallard,
US-OR,Osprey,
US-OR,Pine Siskin,
US-OR,Red-tailed Hawk,
US-OR,Say's Phoebe,
US-OR,Turkey Vulture,
US-OR,Violet-green Swallow,
US-OR,Western Kingbird,
US-OR,Western Tanager,
US-OR,White-throated Swift,
US-WA,American Bittern,656515959
US-WA,American Coot,653396449 648016413 649185870 651953555 651953556
US-WA,American Crow,650788478 657099617 658002409 648642132
US-WA,American Dipper,
US-WA,American Goldfinch,662621237 662621238 662621239 654861876 658541948 658391544 661254708 661254709 661835274 661835275 661835276
US-WA,American Kestrel,653397333 662621227 662621228
US-WA,American Robin,653396428 657099664 657542519 661662243 662363331 662363332 658391536
US-WA,American White Pelican,
US-WA,American Wigeon,650788457
US-WA,Anna's Hummingbird,662621216 649185864 650546223 650546224 651953519 655747487 657542456 658002353 654685152 648642257 651822570
US-WA,Bald Eagle,655400363 653396591 658831831 658831832 648016464 649619906 649185905 649185906 650546250 650546252 650546254 651953658 655747520 658002386 658002650 658541866 661662223 656534979 649261832 654685492 654685493 651822601 658391472 656515966
US-WA,Band-tailed Pigeon,662363299
US-WA,Bank Swallow,
US-WA,Barn Swallow,655400059 656534496 658831867 651953398 657542493 658002443 658002446 658002456 658541902 656534924 654685577 656515974
US-WA,Barred Owl,655225169 658248507 658248510 658248512 658248513
US-WA,Barrow's Goldeneye,650788464 655399956
US-WA,Belted Kingfisher,655400500 659365752 659365753 659365754 659365755 659365756 649619926 649185912 651953698 651953699 651959166 652394630
US-WA,Bewick's Wren,649619984 658541928
US-WA,Black Oystercatcher,655400560 656535019
US-WA,Black Phoebe,649233968 654685503
US-WA,Black Scoter,
US-WA,Black Turnstone,656535025
US-WA,Black-bellied Plover,
US-WA,Black-billed Magpie,
US-WA,Black-capped Chickadee,655400356 658004495 649619941 651953748 658541885
US-WA,Black-crowned Night Heron,
US-WA,Black-headed Grosbeak,
US-WA,Blue-winged Teal,657542432
US-WA,Bonaparte's Gull,
US-WA,Brandt's Cormorant,655399882
US-WA,Brant,648642230 648642231
US-WA,Brewer's Blackbird,661835278
US-WA,Brown Creeper,650788482 658002466
US-WA,Brown Pelican,659365603
US-WA,Brown-headed Cowbird,653396962 656534487 662359436 661254723 656515995
US-WA,Bufflehead,649619891 649185855
US-WA,Bullock's Oriole,658391574 658391575
US-WA,Burrowing Owl,653396373 653396374
US-WA,Bushtit,649619959 650546267 654861837 654861838 657542498
US-WA,Cackling Goose,
US-WA,California Gull,656534529
US-WA,California Quail,653396808
US-WA,California Scrub-Jay,
US-WA,Canada Goose,649185815 650546198 651953415 655747451 655747452 657099512 657542413 658002293 658002294 658541841
US-WA,Canada Jay,
US-WA,Canyon Wren,
US-WA,Caspian Tern,
US-WA,Cedar Waxwing,657542534 657542535 657542536 658541942 658541943 662363337 661254703 661254704 661835260 661835261
US-WA,Chestnut-backed Chickadee,649619945
US-WA,Chipping Sparrow,
US-WA,Chukar,
US-WA,Cinnamon Teal,651822654
US-WA,Clark's Nutcracker,
US-WA,Cliff Swallow,658004505 658004508 656515984 656515987 656515988
US-WA,Common Goldeneye,
US-WA,Common Loon,655400590
US-WA,Common Merganser,649619896
US-WA,Common Murre,659365573
US-WA,Common Raven,
US-WA,Common Yellowthroat,662363358 661254727 661254728 662145476
US-WA,Cooper's Hawk,651953656
US-WA,Dark-eyed Junco,662621240 648016474 649185938
US-WA,Double-crested Cormorant,648016453 649185882 650546234 651953576 652394615 654861786 655747507 655399906
US-WA,Downy Woodpecker,649619936 651953716 655747529 657099599 661662225 649261836 654685497
US-WA,Dunlin,656534944 649261961
US-WA,Eurasian Collared-Dove,651822565
US-WA,Eurasian Wigeon,650788448 650788449
US-WA,European Starling,653396899 658541932
US-WA,Fox Sparrow,
US-WA,Gadwall,658004457 648016397 649619860 649185826 651953445 655747460 657099517 657542438 658002309 654685138 651822554
US-WA,Glaucous-winged Gull,658831827 662526261
US-WA,Golden-crowned Kinglet,650788483
US-WA,Golden-crowned Sparrow,
US-WA,Great Blue Heron,658831931 648016488 649185892 650546239 651953607 657542474 658002373 658002374 658541859 654685479 651822593 651822594 661254688
US-WA,Great Egret,
US-WA,Great Horned Owl,653396766 653396767 653396768 653396878
US-WA,Greater Scaup,
US-WA,Greater White-fronted Goose,
US-WA,Greater Yellowlegs,654685473 651822587 656515948
US-WA,Green Heron,651953593 651953594
US-WA,Green-winged Teal,649619878 651953484 655747473
US-WA,Hairy Woodpecker,662363311 658391512
US-WA,Harlequin Duck,
US-WA,Heermann's Gull,662359429 662359430
US-WA,Hermit Thrush,
US-WA,Hooded Merganser,649185860 651953512
US-WA,Horned Grebe,655400596 650788471 654685217 654685218 648642478
US-WA,Horned Lark,653396251 653396252
US-WA,Horned Puffin,659365551 659365552
US-WA,House Finch,655400046 653396842 658004533 649620001 650546288 654861865 661662259 661662260 662363343 662363344 654685173 654685174 661835272
US-WA,House Sparrow,
US-WA,Hudsonian Whimbrel,656534904 656515943
US-WA,Killdeer,655400474 656534790 658831812 658831813 649179286 650788467 662526250 648016433 654861772 653396323 655836110 651822580
US-WA,Lazuli Bunting,658391617 658391618 658391619
US-WA,Least Sandpiper,655400091 656534562 662526254 662526255 656534941
US-WA,Lesser Scaup,649185846
US-WA,Lincoln's Sparrow,654685560
US-WA,Loggerhead Shrike,653396937
US-WA,Long-billed Curlew,
US-WA,Long-billed Dowitcher,655400070 649261957 662145463 662145464
US-WA,Long-tailed Duck,655400533
US-WA,MacGillivray's Warbler,
US-WA,Mallard,662621207 658004447 658004448 658004449 658004450 651953457 655747467 657542448 657542449 658002328 658541848 661835229
US-WA,Marbled Godwit,656534659 656534913 656534914
US-WA,Marbled Murrelet,655400549 659365556 658831478
US-WA,Marsh Wren,655400351 649185929 654861859 654861860 655747595 657099651 657099652 657542503 657542504 658002469 648642138
US-WA,Mountain Bluebird,653396261 653396262 653396263
US-WA,Mountain Chickadee,
US-WA,Mourning Dove,658391460
US-WA,Northern Flicker,651953736 651953737 651953738 655747548 658541874 661662228
US-WA,Northern Harrier,656534493 649261841 651822597 661835252
US-WA,Northern Pintail,651822551
US-WA,Northern Pygmy-Owl,663312669 663312670 663312671 663312672
US-WA,Northern Rough-winged Swallow,655400432 658831863 658831947
US-WA,Northern Shoveler,649185823 651953430 655747456 651822543
US-WA,Northern Yellow Warbler,657542585
US-WA,Olive-sided Flycatcher,
US-WA,Orange-crowned Warbler,655400437 662363419
US-WA,Osprey,658004539 654861798 654861800 654861802 655747515 655747516 657542479 657542557 661662221 661662222 658831488 658831489
US-WA,Pacific Loon,659365588 659365607
US-WA,Pacific Wren,
US-WA,Pelagic Cormorant,655399892 648642416
US-WA,Peregrine Falcon,
US-WA,Pied-billed Grebe,662621211 662621212 658004474 649185880 652394610 657099581
US-WA,Pigeon Guillemot,658831823 658831824 655399877 654685209 648642286 648642287
US-WA,Pileated Woodpecker,654861819 654861820 663141381 663141382 663141383
US-WA,Pine Siskin,
US-WA,Purple Finch,
US-WA,Purple Martin,655747586 657099634 658002428 658541899 658541900
US-WA,Red Crossbill,
US-WA,Red Knot,
US-WA,Red-breasted Merganser,
US-WA,Red-breasted Nuthatch,
US-WA,Red-breasted Sapsucker,661254698
US-WA,Red-necked Grebe,655400643 648642319
US-WA,Red-tailed Hawk,653397345 649619916 651953657 658391485 658391486 658391487
US-WA,Red-throated Loon,655400479
US-WA,Red-winged Blackbird,653396996 655400346 649620018 649620033 649185966 650546298 651953781 654861897 657099717 658002639 658541985 654685570 662363351 651822610 658391583 661835303
US-WA,Redhead,
US-WA,Rhinoceros Auklet,655400699
US-WA,Ring-billed Gull,
US-WA,Ring-necked Duck,650546208 650546209 652394606
US-WA,Ring-necked Pheasant,
US-WA,Rock Pigeon (Feral Pigeon),655400553 662359427 648642242
US-WA,Rock Wren,658831495 658831496 658831497 658831499
US-WA,Ruby-crowned Kinglet,650546279 650546280
US-WA,Ruddy Duck,651822562
US-WA,Ruddy Turnstone,
US-WA,Rufous Hummingbird,655400492 656534783 662363306 662363307
US-WA,Sanderling,655400102 656534579 656534746
US-WA,Sandhill Crane,
US-WA,Savannah Sparrow,655400729 658831900 654685550
US-WA,Say's Phoebe,
US-WA,Semipalmated Plover,656534861 656535002 656534675 656534739
US-WA,Short-billed Dowitcher,656534930
US-WA,Short-billed Gull,655400634
US-WA,Short-eared Owl,649262140 649262141 649262142
US-WA,Snow Goose,
US-WA,Snowy Plover,656534887 656534889
US-WA,Song Sparrow,655400407 649185951 657099694 658002478 658541951 651822608 661254716
US-WA,Sooty Grouse,663312701 663312702 663312703 663312704
US-WA,Spotted Sandpiper,661835235 661835236
US-WA,Spotted Towhee,649620013 654861885 655747612 657099704 657542549 648642194
US-WA,Steller's Jay,658004488
US-WA,Surf Scoter,650788459
US-WA,Surfbird,
US-WA,Swainson's Thrush,
US-WA,Townsend's Warbler,662363377 662363378 662363380 662363381
US-WA,Tree Swallow,655400063 653396616 653396467 653396863 653396864 658004521 651953767 655747577 657099630 657099631 658002423 658002424 658541887 661662237 661662238 661662239 661662240 654685521 654685522 654685523 662363324 662363325 662363326 654685160 651820819 661835253
US-WA,Tricolored Blackbird,
US-WA,Trumpeter Swan,649619827 649262132
US-WA,Tufted Puffin,659365539 659365540
US-WA,Turkey Vulture,
US-WA,Varied Thrush,653396829
US-WA,Vaux's Swift,
US-WA,Violet-green Swallow,655400335 656534485 658831924 658831925 658831927 654685167
US-WA,Virginia Rail,656678560 656678561 657099548 657099549 657542468 657542469 657542470 658541853 658541854 658541855 658541856 658541857 661835230 661835231 661835232 661835233
US-WA,Wandering Tattler,662526259
US-WA,Western Flycatcher,
US-WA,Western Grebe,
US-WA,Western Gull,656534583
US-WA,Western Kingbird,
US-WA,Western Meadowlark,653396383
US-WA,Western Sandpiper,656535005 656535011 656534817 656534818 656534820
US-WA,Western Tanager,
US-WA,Western Warbling Vireo,
US-WA,Western Wood-Pewee,658004481 662363313
US-WA,White-crowned Sparrow,655400565 653396490 656535026 658831882 658831939 658831940 658831950 661662244 661662245 655399920 658391551 658391552
US-WA,White-winged Scoter,
US-WA,Willow Flycatcher,658541876 658541877
US-WA,Wilson's Snipe,648016444 651822585
US-WA,Wilson's Warbler,656535032
US-WA,Wood Duck,662621204 648016389 648016390 649619851 649619853 651953422 654861752 657542425
US-WA,Yellow-headed Blackbird,658391561
US-WA,Yellow-rumped Warbler,655400440 651953829 654861916 655747619 661254730
