,1,2,3,4,5,6,7,8,9,10,11,12,13,14,15,16,17,18,19,20,21,22,23,24,25,26,27,28,29,30,31,32,33,34,35,36,37,38,39,40,41,42,43,44,45,46,47,48
Emperor Goose,0.0,0.0,0.0,0.0,0.0,0.0,0.0,0.0,0.0,0.0,0.0,0.0,0.0,0.0,0.0,0.0,0.0,0.0,0.0,0.0,0.0,0.0,0.0,0.0,0.0,0.0,0.0,0.0,0.0027322,0.0026525,0.0024876,0.0,0.0,0.0,0.0,0.0,0.0,0.0,0.0,0.0,0.0,0.0,0.0,0.0,0.0,0.0,0.0,0.0
Snow Goose,0.0083916,0.0275229,0.0070053,0.0,0.0038536,0.0101626,0.0037106,0.0015,0.0048622,0.0019608,0.0018587,0.008879,0.0096308,0.0062112,0.0080645,0.0031315,0.0090791,0.0058685,0.0028777,0.0,0.0,0.0,0.0,0.0,0.0,0.0,0.0,0.0,0.0,0.0,0.0,0.0,0.0,0.0,0.0,0.0053691,0.0080483,0.0172414,0.0523139,0.075067,0.0155039,0.035316,0.0132325,0.0208955,0.015873,0.0,0.0090361,0.0170648
Ross's Goose,0.0,0.0,0.0,0.0,0.0,0.0,0.0,0.0,0.0,0.0,0.0,0.0,0.0,0.0,0.0,0.0020877,0.0,0.0,0.0,0.0,0.0,0.0,0.0,0.0,0.0,0.0,0.0,0.0,0.0,0.0,0.0,0.0,0.0,0.0,0.0,0.0,0.0,0.0,0.0,0.0,0.0,0.0,0.0,0.0,0.0,0.0,0.0,0.0
Graylag Goose,0.0,0.0,0.0,0.0,0.0019268,0.0,0.0,0.0,0.0,0.0,0.0,0.0,0.0,0.0,0.0,0.0,0.0,0.0,0.0,0.0,0.0,0.0,0.0,0.0,0.0,0.0,0.0,0.0,0.0,0.0,0.0,0.0,0.0,0.0,0.0,0.0,0.0,0.0,0.0,0.0,0.0,0.0,0.0,0.0,0.0,0.0,0.0,0.0
Greater White-fronted Goose,0.0265734,0.0697248,0.0262697,0.0532959,0.0597303,0.0589431,0.0686456,0.0700389,0.0664506,0.0509804,0.0408922,0.0466149,0.0658106,0.0232919,0.0389785,0.045929,0.0285344,0.0035211,0.0,0.001032,0.0013624,0.0,0.0,0.0,0.0,0.0,0.0,0.0,0.0,0.0015,0.0,0.0,0.0015,0.0133038,0.0038986,0.0912752,0.1167002,0.1321839,0.0945674,0.0442359,0.0348837,0.0594796,0.1172023,0.119403,0.0502646,0.0392157,0.0542169,0.0255973
Brant,0.0,0.0,0.0,0.0,0.0,0.0,0.0015,0.0,0.0,0.0,0.0,0.0,0.0,0.0,0.0,0.0,0.0,0.0,0.0,0.0,0.0,0.0,0.0,0.0,0.0,0.0,0.0,0.0,0.0,0.0,0.0,0.0,0.0,0.0,0.0,0.0,0.0,0.0,0.0,0.0,0.0,0.0,0.0,0.0,0.0,0.0,0.0,0.0051195
Cackling Goose,0.0391608,0.0422018,0.0297723,0.0336606,0.0366089,0.0853659,0.0241187,0.036965,0.0421394,0.0372549,0.0408922,0.0310766,0.0417335,0.0248447,0.0537634,0.0469729,0.0298314,0.0258216,0.0057554,0.0113519,0.0190736,0.0,0.0,0.0,0.0,0.0,0.0,0.0,0.0,0.0,0.0,0.0,0.0,0.0,0.0526316,0.1194631,0.1066398,0.1187739,0.138833,0.0965147,0.0794574,0.0613383,0.0623819,0.0910448,0.047619,0.0364146,0.0783133,0.0460751
Canada Goose,0.5608392,0.6366972,0.6847636,0.7124825,0.7398844,0.7642276,0.7940631,0.848249,0.8184765,0.8921569,0.8921933,0.8879023,0.8812199,0.9052795,0.9206989,0.9050104,0.9027237,0.9143192,0.9251799,0.8998968,0.8978202,0.8871252,0.8995434,0.9258517,0.8923077,0.924933,0.9002558,0.8414634,0.8442623,0.8541114,0.8233831,0.7894737,0.8162879,0.8669623,0.8635478,0.7959732,0.7887324,0.7298851,0.7203219,0.6970509,0.7073643,0.6840149,0.7391304,0.7358209,0.6851852,0.6386555,0.6295181,0.556314
Mute Swan,0.0055944,0.0055046,0.0070053,0.002805,0.0115607,0.0081301,0.0037106,0.0077821,0.0016207,0.0078431,0.0055762,0.0022198,0.0048154,0.0015528,0.0040323,0.0041754,0.0129702,0.0070423,0.0043165,0.003096,0.0,0.005291,0.0022831,0.006012,0.0051282,0.0160858,0.0076726,0.0034843,0.010929,0.0132626,0.0099502,0.0030075,0.0113636,0.0110865,0.0116959,0.0134228,0.0140845,0.0114943,0.0140845,0.0067024,0.0135659,0.0130112,0.0132325,0.0089552,0.0185185,0.022409,0.0240964,0.0017065
Trumpeter Swan,0.4433566,0.4788991,0.4868651,0.3997195,0.2928709,0.2804878,0.309833,0.2898833,0.1166937,0.0039216,0.0055762,0.0022198,0.0,0.0,0.0,0.0,0.0,0.0,0.0,0.0,0.0,0.0,0.0,0.0,0.0,0.0,0.0,0.0,0.0,0.0,0.0,0.0,0.0,0.0,0.0,0.0,0.0,0.0,0.0040241,0.0013405,0.0968992,0.169145,0.2173913,0.4029851,0.510582,0.4565826,0.5481928,0.5324232
Tundra Swan,0.0335664,0.0110092,0.0087566,0.002805,0.0019268,0.0264228,0.0037106,0.0038911,0.0032415,0.0019608,0.0015,0.0,0.0,0.0,0.0,0.0,0.0,0.0,0.0,0.0,0.0,0.0,0.0,0.0,0.0,0.0,0.0,0.0,0.0,0.0,0.0,0.0,0.0,0.0,0.0,0.0,0.0,0.0,0.0020121,0.0174263,0.001938,0.0111524,0.0151229,0.0134328,0.0026455,0.0084034,0.0090361,0.0307167
Muscovy Duck,0.0041958,0.0,0.0,0.002805,0.0019268,0.0060976,0.0,0.0058366,0.0,0.0,0.0037175,0.0055494,0.0096308,0.0139752,0.0134409,0.0104384,0.0077821,0.0093897,0.0115108,0.0123839,0.0108992,0.0299824,0.0228311,0.01002,0.0205128,0.0375335,0.0204604,0.0191638,0.0081967,0.0132626,0.0149254,0.0180451,0.032197,0.0088692,0.0253411,0.0187919,0.0140845,0.0095785,0.0080483,0.0,0.0096899,0.0018587,0.0018904,0.0029851,0.0026455,0.0,0.0,0.0102389
Wood Duck,0.5832168,0.506422,0.5096322,0.5189341,0.495183,0.5121951,0.4842301,0.4766537,0.36953,0.3960784,0.4702602,0.4439512,0.4622793,0.4642857,0.358871,0.4175365,0.386511,0.4037559,0.4834532,0.5211558,0.5885559,0.5520282,0.5205479,0.5891784,0.5512821,0.5898123,0.6470588,0.6341463,0.7103825,0.7002653,0.7412935,0.756391,0.7462121,0.7361419,0.7777778,0.747651,0.7042254,0.7720307,0.6901408,0.6823056,0.6414729,0.6468401,0.5916824,0.5402985,0.5714286,0.487395,0.5150602,0.5460751
Mandarin Duck,0.0,0.0,0.0,0.0056101,0.0019268,0.0304878,0.0074212,0.0038911,0.0,0.0058824,0.0,0.0077691,0.0016051,0.0062112,0.0,0.0,0.0,0.0,0.0,0.0,0.0,0.0,0.0,0.0,0.0,0.0,0.0,0.0,0.0,0.0,0.0,0.0,0.0,0.0,0.0,0.0,0.0,0.0,0.0,0.0,0.0,0.0,0.0,0.0,0.0,0.0,0.0,0.0
Blue-winged Teal,0.0,0.0,0.0,0.0,0.0,0.0,0.0,0.0,0.0,0.0,0.0,0.0,0.0,0.0015528,0.0268817,0.0563674,0.0505837,0.0892019,0.1597122,0.1671827,0.1239782,0.0493827,0.0639269,0.0180361,0.0076923,0.0080429,0.0076726,0.010453,0.0081967,0.005305,0.0124378,0.0045113,0.0170455,0.0354767,0.0175439,0.0120805,0.0040241,0.0019157,0.0,0.0,0.0,0.0,0.0,0.0,0.0,0.0,0.0,0.0
Cinnamon Teal,0.0,0.0018349,0.0,0.0,0.0,0.0060976,0.0111317,0.0097276,0.0145867,0.0156863,0.0130112,0.017758,0.081862,0.1475155,0.2701613,0.3382046,0.4033722,0.3638498,0.3611511,0.3426213,0.2861035,0.2292769,0.1780822,0.1062124,0.0666667,0.0402145,0.0946292,0.0905923,0.1010929,0.0848806,0.0870647,0.0842105,0.0681818,0.0554324,0.0623782,0.0308725,0.0181087,0.0095785,0.0100604,0.0053619,0.0193798,0.0018587,0.0018904,0.0014925,0.0079365,0.0028011,0.0,0.003413
Northern Shoveler,0.8657343,0.8293578,0.8476357,0.8190743,0.8458574,0.8719512,0.890538,0.8871595,0.8687196,0.8823529,0.8959108,0.8756937,0.8780096,0.878882,0.8803763,0.8319415,0.6031128,0.4600939,0.3438849,0.2817337,0.0735695,0.047619,0.0136986,0.0260521,0.025641,0.0214477,0.0306905,0.0156794,0.0218579,0.0769231,0.2437811,0.4691729,0.5340909,0.6607539,0.7563353,0.7395973,0.8028169,0.8275862,0.8390342,0.8605898,0.8662791,0.8624535,0.8884688,0.8567164,0.8783069,0.8403361,0.873494,0.8668942
Gadwall,0.8867133,0.8366972,0.8633975,0.8541374,0.8863198,0.8394309,0.825603,0.8190661,0.7844408,0.7705882,0.7434944,0.7369589,0.752809,0.8012422,0.8508065,0.8695198,0.8975357,0.9248826,0.9079137,0.9040248,0.9114441,0.8624339,0.8607306,0.7655311,0.6769231,0.6353887,0.6265985,0.5731707,0.5956284,0.6259947,0.7363184,0.7894737,0.8409091,0.9135255,0.9161793,0.8885906,0.8732394,0.8927203,0.8832998,0.8739946,0.874031,0.901487,0.8922495,0.8940299,0.8941799,0.8795518,0.8795181,0.8668942
Eurasian Wigeon,0.1104895,0.0954128,0.0718039,0.0659187,0.1021195,0.0691057,0.0445269,0.0914397,0.0486224,0.0509804,0.0557621,0.0221976,0.0208668,0.007764,0.0053763,0.0020877,0.0,0.0,0.0,0.0,0.0,0.0,0.0,0.0,0.0,0.0,0.0,0.0,0.0,0.0,0.0,0.0,0.0,0.0,0.0019493,0.033557,0.0663984,0.0708812,0.0482897,0.1018767,0.124031,0.0873606,0.0869565,0.1014925,0.1269841,0.0728291,0.1295181,0.0989761
American Wigeon,0.8223776,0.8165138,0.8231173,0.8232819,0.8111753,0.7621951,0.6883117,0.7178988,0.6807131,0.6843137,0.7342007,0.5627081,0.4028892,0.378882,0.3642473,0.3058455,0.2581064,0.1338028,0.0964029,0.0846233,0.0967302,0.0917108,0.0593607,0.0681363,0.0461538,0.0294906,0.0537084,0.0418118,0.0519126,0.0530504,0.0995025,0.1789474,0.3522727,0.4922395,0.6315789,0.642953,0.7082495,0.7969349,0.806841,0.849866,0.8100775,0.83829,0.8015123,0.8358209,0.8571429,0.8403361,0.8493976,0.8327645
Mallard,0.9440559,0.9266055,0.9229422,0.9032258,0.9075145,0.8841463,0.9090909,0.9124514,0.8752026,0.9156863,0.9498141,0.9334073,0.9261637,0.939441,0.9448925,0.9363257,0.9364462,0.943662,0.9395683,0.9287926,0.8855586,0.8783069,0.8789954,0.8897796,0.8897436,0.9088472,0.915601,0.9285714,0.920765,0.9442971,0.9104478,0.912782,0.8617424,0.9467849,0.91423,0.914094,0.9275654,0.9425287,0.9356137,0.9329759,0.9282946,0.9052045,0.9243856,0.9268657,0.8968254,0.8739496,0.8975904,0.9180887
American Black Duck,0.0,0.0,0.0,0.0,0.0,0.0,0.0,0.0,0.0,0.0,0.0,0.0,0.0,0.0,0.0,0.0,0.0,0.0,0.0,0.0,0.0,0.0,0.0,0.0,0.0,0.0,0.0,0.0,0.0,0.0,0.0,0.0,0.0,0.0,0.0,0.0,0.0,0.0,0.0,0.0,0.0,0.0,0.0,0.0015,0.0,0.0,0.0,0.0
Northern Pintail,0.1454545,0.146789,0.178634,0.1500701,0.1001927,0.0995935,0.0779221,0.0583658,0.0502431,0.027451,0.0111524,0.0133185,0.0224719,0.0170807,0.0120968,0.0156576,0.0116732,0.0093897,0.0100719,0.0,0.0,0.0,0.0,0.0,0.0,0.0,0.0,0.0017422,0.0,0.0,0.0174129,0.0466165,0.1534091,0.1906874,0.2202729,0.1503356,0.1066398,0.0881226,0.0865191,0.0469169,0.0562016,0.0594796,0.0396975,0.0656716,0.1613757,0.1148459,0.1656627,0.1365188
Green-winged Teal,0.6755245,0.6330275,0.6935201,0.7377279,0.7129094,0.7723577,0.7346939,0.7548638,0.7147488,0.7176471,0.6821561,0.6115427,0.5955056,0.6490683,0.6612903,0.6795407,0.3942931,0.1032864,0.0517986,0.0134159,0.0040872,0.0070547,0.0091324,0.006012,0.0076923,0.0053619,0.028133,0.0383275,0.0519126,0.1061008,0.2164179,0.2992481,0.3276515,0.4124169,0.4366472,0.4322148,0.4808853,0.4750958,0.5311871,0.5241287,0.5581395,0.4869888,0.5406427,0.541791,0.6455026,0.6470588,0.6746988,0.6450512
Canvasback,0.3216783,0.2954128,0.2942207,0.2440393,0.3371869,0.3394309,0.2003711,0.2159533,0.1636953,0.1313725,0.1282528,0.0810211,0.0642055,0.0512422,0.063172,0.0490605,0.0103761,0.0129108,0.0014388,0.0,0.0,0.0,0.0,0.0,0.0051282,0.002681,0.0,0.0,0.0,0.0,0.0,0.0,0.0,0.0,0.0019493,0.009396,0.0100604,0.0517241,0.084507,0.1568365,0.1337209,0.133829,0.1568998,0.180597,0.2830688,0.1876751,0.2018072,0.2457338
Redhead,0.0951049,0.1284404,0.0945709,0.1009818,0.150289,0.1260163,0.0871985,0.0972763,0.0696921,0.0568627,0.0464684,0.0277469,0.0192616,0.0201863,0.0255376,0.019833,0.0194553,0.0258216,0.0043165,0.004128,0.0027248,0.0,0.0,0.0,0.0,0.0,0.0,0.0,0.0,0.0,0.0,0.0,0.0,0.0066519,0.0545809,0.0107383,0.0100604,0.0038314,0.0015,0.038874,0.0329457,0.0390335,0.0321361,0.0402985,0.0793651,0.0504202,0.1385542,0.1228669
Ring-necked Duck,0.6741259,0.6825688,0.6935201,0.7040673,0.6666667,0.695122,0.6345083,0.6498054,0.5980551,0.6803922,0.7137546,0.7502775,0.6597111,0.6723602,0.6948925,0.6492693,0.5706874,0.3603286,0.2273381,0.1424149,0.0776567,0.0388007,0.0182648,0.0200401,0.025641,0.0241287,0.0025575,0.010453,0.010929,0.005305,0.0074627,0.0135338,0.0416667,0.1263858,0.2612086,0.1637584,0.2816901,0.256705,0.3219316,0.461126,0.5368217,0.5092937,0.5860113,0.5761194,0.6613757,0.6218487,0.5813253,0.6382253
Tufted Duck,0.0,0.0,0.0,0.0,0.0558767,0.0284553,0.0,0.0019455,0.0015,0.0,0.0018587,0.0,0.0,0.0015528,0.0013441,0.0,0.0,0.0,0.0,0.0,0.0,0.0,0.0,0.0,0.0,0.0,0.0,0.0,0.0,0.0,0.0,0.0,0.0,0.0,0.0,0.0,0.0,0.0,0.0,0.0,0.0,0.0,0.0,0.0,0.0,0.0,0.0,0.0
Greater Scaup,0.0811189,0.0972477,0.1015762,0.0771388,0.1136802,0.0955285,0.0612245,0.0603113,0.0810373,0.0686275,0.0892193,0.0577137,0.0802568,0.0496894,0.0819892,0.065762,0.0661479,0.0223005,0.0129496,0.006192,0.0231608,0.0070547,0.0022831,0.0,0.0025641,0.0,0.0,0.0,0.0,0.0238727,0.0149254,0.0030075,0.0,0.0110865,0.0253411,0.0483221,0.0442656,0.0517241,0.0724346,0.0831099,0.0755814,0.0464684,0.0453686,0.0507463,0.0899471,0.0532213,0.0542169,0.0802048
Lesser Scaup,0.2433566,0.2495413,0.2732049,0.2173913,0.283237,0.2642276,0.2319109,0.2762646,0.2155592,0.2313725,0.2769517,0.2697003,0.2343499,0.2453416,0.2540323,0.2160752,0.1984436,0.0985915,0.0561151,0.0732714,0.0245232,0.005291,0.0,0.006012,0.0076923,0.0053619,0.0230179,0.0226481,0.0054645,0.0,0.0024876,0.0,0.0018939,0.0066519,0.0136452,0.0187919,0.0885312,0.0900383,0.0865191,0.1434316,0.1492248,0.169145,0.1115312,0.1343284,0.2037037,0.1288515,0.1716867,0.2167235
Harlequin Duck,0.0,0.0,0.0,0.0,0.0,0.0,0.0,0.0,0.0,0.0,0.0,0.0,0.0,0.0,0.0,0.0,0.0,0.0,0.0,0.0015,0.0,0.0,0.0,0.0,0.0,0.0,0.0,0.0,0.0,0.0,0.0,0.0,0.0,0.0,0.0,0.0,0.0,0.0,0.0,0.0,0.0,0.0,0.0,0.0,0.0,0.0,0.0,0.0
Surf Scoter,0.0,0.0,0.0,0.0,0.0,0.0,0.0,0.0,0.0016207,0.0,0.0018587,0.0,0.0,0.0,0.0,0.0020877,0.001297,0.0,0.0,0.0,0.0,0.0,0.0,0.0,0.0,0.0,0.0,0.0,0.0,0.0,0.0,0.0,0.0,0.0,0.0,0.0013423,0.0100604,0.0114943,0.0100604,0.0040214,0.003876,0.0,0.0018904,0.0,0.0,0.0,0.0,0.0
White-winged Scoter,0.0,0.0,0.0,0.0,0.0,0.0,0.0,0.0,0.0,0.0,0.0,0.0,0.0,0.0,0.0,0.0015,0.001297,0.0,0.0,0.0,0.006812,0.0,0.0,0.0,0.0,0.0,0.0,0.0,0.0,0.0,0.0,0.0,0.0,0.0,0.0,0.0,0.0,0.0057471,0.0020121,0.0013405,0.0,0.0,0.0,0.0,0.0,0.0,0.0,0.0
Black Scoter,0.0,0.0,0.0,0.0,0.0,0.0,0.0,0.0,0.0,0.0,0.0,0.0,0.0,0.0,0.0,0.0,0.0,0.0,0.0,0.0,0.0,0.0,0.0,0.0,0.0,0.0,0.0,0.0,0.0,0.0,0.0,0.0,0.0,0.0,0.0,0.0,0.0,0.0,0.0040241,0.0,0.0,0.0,0.0,0.0,0.0,0.0,0.0,0.0
Long-tailed Duck,0.0,0.0,0.0,0.0,0.0,0.0,0.0,0.0,0.0,0.0,0.0,0.0,0.0,0.0,0.0,0.0,0.0,0.0,0.0,0.0,0.0,0.0,0.0,0.0,0.0,0.0,0.0,0.0,0.0,0.0,0.0,0.0,0.0,0.0,0.0,0.0,0.0,0.0,0.0040241,0.0013405,0.0,0.0015,0.0,0.0,0.0026455,0.0,0.0,0.0
Bufflehead,0.9020979,0.8752294,0.9019264,0.8653576,0.9036609,0.902439,0.8979592,0.8949416,0.8687196,0.8980392,0.8959108,0.872364,0.8699839,0.8447205,0.811828,0.691023,0.4928664,0.2828638,0.142446,0.1052632,0.0858311,0.021164,0.0159817,0.0400802,0.0128205,0.0214477,0.0230179,0.0574913,0.0081967,0.005305,0.0024876,0.006015,0.0075758,0.0066519,0.0097466,0.0268456,0.0744467,0.0517241,0.2012072,0.5656836,0.753876,0.8457249,0.8865784,0.8925373,0.8968254,0.8655462,0.9066265,0.9044369
Common Goldeneye,0.0881119,0.0972477,0.1103327,0.0827489,0.0751445,0.0813008,0.0779221,0.1420233,0.1458671,0.1137255,0.1171004,0.0799112,0.0722311,0.0450311,0.0403226,0.0344468,0.0181582,0.0117371,0.0115108,0.002064,0.0,0.0,0.0,0.0,0.0,0.0,0.0051151,0.0,0.0,0.0026525,0.0,0.0,0.0056818,0.0,0.0,0.0015,0.0,0.0019157,0.0040241,0.0254692,0.0232558,0.0427509,0.0491493,0.0776119,0.0687831,0.0560224,0.1204819,0.0836177
Barrow's Goldeneye,0.0027972,0.0036697,0.0035026,0.002805,0.0250482,0.0081301,0.0055659,0.0097276,0.012966,0.0019608,0.0074349,0.0011099,0.0,0.0,0.0040323,0.0020877,0.002594,0.0,0.0043165,0.0,0.0,0.0,0.0,0.0,0.0,0.0,0.0,0.0,0.0,0.0,0.0,0.0,0.0,0.0,0.0,0.0,0.0,0.0,0.0060362,0.0160858,0.0096899,0.0055762,0.0037807,0.0029851,0.010582,0.0015,0.003012,0.003413
Hooded Merganser,0.7034965,0.6311927,0.5796848,0.6255259,0.6416185,0.6097561,0.5510204,0.5719844,0.5737439,0.5470588,0.5446097,0.5338513,0.4622793,0.4425466,0.3521505,0.1941545,0.1374838,0.0575117,0.0374101,0.0113519,0.0081744,0.021164,0.0205479,0.0180361,0.0307692,0.0482574,0.0306905,0.0853659,0.1721311,0.1246684,0.1094527,0.1849624,0.25,0.345898,0.4346979,0.4255034,0.4587525,0.4310345,0.5331992,0.6608579,0.7732558,0.8159851,0.8090737,0.7626866,0.7433862,0.7759104,0.7138554,0.7116041
Common Merganser,0.6293706,0.5981651,0.6164623,0.545582,0.539499,0.5995935,0.5714286,0.5875486,0.5899514,0.6392157,0.6672862,0.6970033,0.6597111,0.6413043,0.5645161,0.4926931,0.2386511,0.1514085,0.1035971,0.0712074,0.0463215,0.021164,0.0045662,0.006012,0.0,0.0134048,0.0051151,0.010453,0.0081967,0.0106101,0.0124378,0.0135338,0.0170455,0.0687361,0.037037,0.0348993,0.0342052,0.032567,0.0422535,0.075067,0.1182171,0.197026,0.3213611,0.2895522,0.3624339,0.4313725,0.4548193,0.5494881
Red-breasted Merganser,0.0083916,0.0146789,0.0087566,0.0056101,0.0077071,0.0081301,0.0074212,0.0038911,0.0081037,0.0058824,0.0092937,0.0133185,0.0144462,0.0186335,0.0282258,0.0114823,0.001297,0.0046948,0.0,0.0,0.0,0.0,0.0,0.0,0.0,0.0,0.0,0.0,0.0,0.0,0.0,0.0,0.0,0.0,0.0,0.0,0.0020121,0.0057471,0.0020121,0.0053619,0.0174419,0.0092937,0.0113422,0.0104478,0.0026455,0.0140056,0.0150602,0.0102389
Ruddy Duck,0.1496503,0.1834862,0.1978984,0.1935484,0.1907514,0.2439024,0.2356215,0.2178988,0.1426256,0.1352941,0.1040892,0.1054384,0.0722311,0.0434783,0.0497312,0.0490605,0.0440986,0.0622066,0.0676259,0.0268318,0.0122616,0.0088183,0.0456621,0.0200401,0.0307692,0.0160858,0.0051151,0.0121951,0.0191257,0.0159151,0.0149254,0.0165414,0.0189394,0.0443459,0.0584795,0.061745,0.1649899,0.1072797,0.0744467,0.1045576,0.1492248,0.1524164,0.0964083,0.0701493,0.0925926,0.092437,0.126506,0.1262799
Northern Bobwhite,0.0,0.0,0.0,0.0,0.0,0.0,0.0,0.0,0.0,0.0,0.0,0.0,0.0,0.0,0.0,0.0,0.0,0.0,0.0,0.0,0.0,0.0,0.0,0.0,0.0,0.0,0.0,0.0,0.0,0.0,0.0,0.0,0.0,0.0022173,0.0,0.0,0.0,0.0,0.0,0.0,0.0,0.0,0.0,0.0,0.0,0.0,0.0,0.0
California Quail,0.0013986,0.0,0.0052539,0.0,0.0019268,0.0020325,0.0074212,0.0058366,0.0015,0.0098039,0.0055762,0.0077691,0.011236,0.0248447,0.0147849,0.0167015,0.0207523,0.0152582,0.0143885,0.0134159,0.0108992,0.0176367,0.0114155,0.006012,0.0205128,0.0214477,0.0179028,0.0191638,0.0218579,0.0291777,0.0223881,0.0105263,0.0113636,0.0155211,0.0136452,0.0107383,0.0080483,0.0057471,0.0060362,0.0013405,0.003876,0.0037175,0.0037807,0.0029851,0.0132275,0.0084034,0.0150602,0.0
Ring-necked Pheasant,0.0097902,0.0146789,0.0192644,0.0070126,0.017341,0.0162602,0.0185529,0.0233463,0.0291734,0.0392157,0.0315985,0.0432852,0.0513644,0.0434783,0.0698925,0.0563674,0.0518807,0.0469484,0.0460432,0.0412797,0.0326975,0.0282187,0.0342466,0.0140281,0.025641,0.0348525,0.028133,0.0191638,0.0273224,0.0371353,0.0373134,0.0150376,0.0265152,0.0243902,0.0311891,0.0268456,0.0342052,0.0191571,0.0221328,0.0254692,0.0193798,0.0148699,0.026465,0.0253731,0.0238095,0.022409,0.0180723,0.0051195
Rock Pigeon,0.1440559,0.1357798,0.1243433,0.1360449,0.132948,0.1605691,0.1428571,0.1673152,0.1620746,0.1588235,0.1561338,0.1254162,0.1235955,0.136646,0.1357527,0.1450939,0.153048,0.1244131,0.1251799,0.1393189,0.1253406,0.1322751,0.1164384,0.1162325,0.1051282,0.150134,0.1483376,0.130662,0.1502732,0.2015915,0.238806,0.1774436,0.2064394,0.2128603,0.2202729,0.1785235,0.1710262,0.1551724,0.1891348,0.1461126,0.1627907,0.1579926,0.2079395,0.2164179,0.1746032,0.1764706,0.189759,0.1501706
Band-tailed Pigeon,0.0027972,0.0018349,0.0,0.002805,0.0019268,0.0020325,0.0018553,0.0,0.0048622,0.0098039,0.0092937,0.0055494,0.0272873,0.0248447,0.0349462,0.0344468,0.0505837,0.0269953,0.0417266,0.0423117,0.0504087,0.0582011,0.043379,0.0280561,0.0230769,0.0134048,0.0102302,0.0121951,0.0191257,0.0265252,0.0373134,0.0270677,0.0378788,0.0465632,0.0487329,0.0765101,0.0362173,0.0306513,0.0241449,0.0160858,0.0155039,0.0148699,0.0037807,0.0059701,0.0079365,0.0028011,0.003012,0.0
Eurasian Collared-Dove,0.0,0.0055046,0.0017513,0.0,0.0,0.0,0.0018553,0.0,0.0,0.0039216,0.0,0.0110988,0.0096308,0.0201863,0.0255376,0.0334029,0.0402075,0.0211268,0.0230216,0.0216718,0.0122616,0.010582,0.0114155,0.004008,0.0,0.002681,0.0153453,0.0121951,0.0081967,0.0026525,0.0074627,0.0075188,0.0018939,0.0110865,0.0155945,0.0187919,0.0140845,0.01341,0.0080483,0.0013405,0.0116279,0.0018587,0.0018904,0.0014925,0.0,0.0028011,0.0,0.0
Mourning Dove,0.0013986,0.0018349,0.0,0.0,0.0,0.0,0.0055659,0.0,0.0016207,0.0019608,0.0037175,0.0033296,0.0,0.0015528,0.0026882,0.0093946,0.0207523,0.0316901,0.028777,0.0227038,0.013624,0.0176367,0.0205479,0.01002,0.0102564,0.0107239,0.0102302,0.0052265,0.010929,0.005305,0.0049751,0.0150376,0.0265152,0.0199557,0.0136452,0.009396,0.0040241,0.0095785,0.0040241,0.0120643,0.0077519,0.0074349,0.0018904,0.0059701,0.005291,0.0056022,0.003012,0.0051195
Common Nighthawk,0.0,0.0,0.0,0.0,0.0,0.0,0.0,0.0,0.0,0.0,0.0,0.0,0.0,0.0,0.0,0.0,0.0,0.0,0.0,0.001032,0.0040872,0.0176367,0.0045662,0.002004,0.0,0.0,0.0,0.0,0.0,0.0,0.0,0.0,0.0,0.0022173,0.0015,0.0,0.0,0.0,0.0,0.0,0.0,0.0,0.0,0.0,0.0,0.0,0.0,0.0
Common Poorwill,0.0,0.0,0.0,0.0,0.0,0.0,0.0,0.0,0.0,0.0,0.0,0.0,0.0,0.0,0.0,0.0,0.0,0.0,0.0015,0.0,0.0,0.0,0.0,0.0,0.0,0.0,0.0,0.0,0.0,0.0,0.0,0.0,0.0,0.0,0.0,0.0,0.0,0.0,0.0,0.0,0.0,0.0,0.0,0.0,0.0,0.0,0.0,0.0
Black Swift,0.0,0.0,0.0,0.0,0.0,0.0,0.0,0.0,0.0,0.0,0.0,0.0,0.0,0.0,0.0,0.0,0.001297,0.0023474,0.0100719,0.0134159,0.0108992,0.0493827,0.0365297,0.008016,0.0076923,0.0080429,0.0025575,0.0121951,0.0,0.0079576,0.0049751,0.0105263,0.0018939,0.0022173,0.0,0.0,0.0,0.0,0.0,0.0,0.0,0.0,0.0,0.0,0.0,0.0,0.0,0.0
Vaux's Swift,0.0,0.0,0.0,0.0,0.0,0.0,0.0,0.0,0.0,0.0,0.0,0.0,0.0,0.0015528,0.0403226,0.1231733,0.1750973,0.1666667,0.2402878,0.2342621,0.2792916,0.3492063,0.2716895,0.1843687,0.2,0.1903485,0.2352941,0.2142857,0.2459016,0.2864721,0.1766169,0.1593985,0.092803,0.1064302,0.1345029,0.0724832,0.0140845,0.0057471,0.0,0.0,0.0,0.0,0.0,0.0,0.0,0.0,0.0,0.0
Anna's Hummingbird,0.6265734,0.653211,0.7285464,0.7868163,0.7687861,0.7825203,0.7922078,0.7762646,0.8476499,0.8235294,0.8420074,0.8534961,0.8491172,0.8322981,0.8172043,0.8152401,0.7924773,0.8086854,0.8345324,0.7946336,0.7343324,0.6613757,0.6324201,0.6613226,0.5384615,0.5898123,0.5345269,0.6027875,0.6038251,0.6339523,0.6865672,0.7097744,0.7159091,0.72949,0.7037037,0.714094,0.6861167,0.6187739,0.5613682,0.5402145,0.5329457,0.4851301,0.5274102,0.4940299,0.4417989,0.4929972,0.5662651,0.5358362
Rufous Hummingbird,0.0,0.0,0.0,0.0,0.0,0.0,0.0,0.0,0.0,0.0058824,0.0055762,0.008879,0.0032103,0.0139752,0.0201613,0.0240084,0.0129702,0.0211268,0.0086331,0.0319917,0.0476839,0.0582011,0.0616438,0.0340681,0.025641,0.0214477,0.0153453,0.0209059,0.0245902,0.0265252,0.0174129,0.0195489,0.0018939,0.0044346,0.0019493,0.0,0.0,0.0,0.0,0.0,0.0,0.0,0.0,0.0,0.0,0.0,0.0,0.0
Virginia Rail,0.0573427,0.0366972,0.0420315,0.0434783,0.0500963,0.0447154,0.0482375,0.1050584,0.0940032,0.1980392,0.2472119,0.2463929,0.247191,0.2795031,0.3010753,0.322547,0.2918288,0.3157277,0.3294964,0.3457172,0.3051771,0.3068783,0.2922374,0.252505,0.2205128,0.2412869,0.1969309,0.1777003,0.1857923,0.2068966,0.1890547,0.2285714,0.2613636,0.2882483,0.2768031,0.2281879,0.193159,0.1800766,0.1730382,0.155496,0.124031,0.1096654,0.1020794,0.0940299,0.1005291,0.1008403,0.0783133,0.0699659
Sora,0.0,0.0,0.0017513,0.0042076,0.0,0.0020325,0.0,0.0,0.0,0.0,0.0,0.0,0.0016051,0.0031056,0.016129,0.0187891,0.0376135,0.0129108,0.0071942,0.0072239,0.0081744,0.0,0.0022831,0.002004,0.0076923,0.002681,0.0051151,0.0017422,0.010929,0.0238727,0.0199005,0.0165414,0.0227273,0.0199557,0.0077973,0.009396,0.0120724,0.0,0.0020121,0.0040214,0.001938,0.0,0.0,0.0014925,0.0,0.0,0.0,0.0
American Coot,0.8237762,0.7981651,0.821366,0.8092567,0.7668593,0.8069106,0.8107607,0.844358,0.8265802,0.8764706,0.8996283,0.8612653,0.8876404,0.9006211,0.8991935,0.8173278,0.695201,0.5868545,0.4446043,0.3178535,0.2656676,0.2839506,0.2488584,0.2685371,0.2666667,0.3780161,0.3529412,0.4547038,0.4945355,0.5198939,0.6218905,0.7067669,0.7405303,0.8337029,0.8654971,0.8402685,0.8672032,0.8601533,0.8269618,0.8364611,0.8372093,0.83829,0.8506616,0.8,0.8306878,0.8039216,0.7951807,0.8071672
Sandhill Crane,0.0,0.0,0.0,0.0,0.0,0.0,0.0,0.0,0.0,0.0,0.0,0.0,0.0,0.0,0.0,0.0,0.0,0.0,0.0,0.0,0.0,0.0,0.0,0.0,0.0,0.0,0.0,0.0,0.0,0.0,0.0,0.0,0.0,0.0,0.0,0.0013423,0.0,0.0038314,0.0,0.0107239,0.0,0.0,0.0,0.0,0.0,0.0028011,0.0,0.0
Black-necked Stilt,0.0,0.0,0.0,0.0,0.0,0.0,0.0,0.0,0.0,0.0,0.0,0.0,0.0,0.0,0.0,0.0015,0.0,0.0015,0.0,0.0,0.0,0.0,0.0,0.0,0.0,0.0,0.0,0.0,0.0,0.0,0.0,0.0,0.0,0.0,0.0,0.0,0.0,0.0,0.0,0.0,0.0,0.0,0.0,0.0,0.0,0.0,0.0,0.0
American Avocet,0.0,0.0,0.0,0.0,0.0,0.0,0.0,0.0,0.0,0.0,0.0,0.0011099,0.0,0.0,0.0,0.0,0.0,0.0,0.0,0.001032,0.0,0.0,0.0,0.0,0.0,0.0,0.0,0.0,0.0,0.0,0.0,0.0,0.0,0.0,0.0,0.0,0.0,0.0,0.0,0.0,0.0,0.0,0.0,0.0,0.0,0.0,0.0,0.0
Black-bellied Plover,0.0,0.0,0.0,0.0,0.0,0.0,0.0,0.0,0.0,0.0,0.0,0.0,0.0048154,0.0015,0.0,0.0,0.001297,0.0,0.0,0.0,0.0,0.0,0.0,0.0,0.0,0.0,0.0,0.0,0.0,0.0,0.0,0.0,0.0,0.0,0.0,0.0,0.0020121,0.0,0.0,0.0015,0.0,0.0,0.0,0.0,0.0,0.0,0.0,0.0
American Golden-Plover,0.0,0.0,0.0,0.0,0.0,0.0,0.0,0.0,0.0,0.0,0.0,0.0,0.0,0.0,0.0,0.0,0.0,0.0,0.0,0.0,0.0,0.0,0.0,0.0,0.0,0.0,0.0,0.0,0.0,0.0,0.0,0.0,0.0,0.0,0.0,0.0013423,0.0,0.0,0.0,0.0,0.0,0.0,0.0,0.0,0.0,0.0,0.0,0.0
Killdeer,0.1818182,0.1724771,0.1821366,0.1991585,0.1888247,0.2784553,0.2170686,0.3151751,0.2998379,0.3196078,0.3401487,0.3152053,0.3306581,0.447205,0.4959677,0.4676409,0.4656291,0.4859155,0.4330935,0.4530444,0.4346049,0.3474427,0.3926941,0.3466934,0.3153846,0.4048257,0.3017903,0.2909408,0.2595628,0.2679045,0.2114428,0.2842105,0.3655303,0.4390244,0.4717349,0.4657718,0.4185111,0.3582375,0.3259557,0.1876676,0.1841085,0.1728625,0.1512287,0.1208955,0.1851852,0.140056,0.2108434,0.1587031
Semipalmated Plover,0.0,0.0,0.0,0.0,0.0,0.0,0.0,0.0,0.0,0.0,0.0,0.0,0.0,0.0,0.0,0.0010438,0.001297,0.0011737,0.0,0.002064,0.0013624,0.0,0.0,0.0,0.0025641,0.0015,0.0,0.0017422,0.0,0.0,0.0074627,0.0406015,0.0,0.0022173,0.0155945,0.0080537,0.0,0.0,0.0020121,0.0013405,0.0,0.0,0.0,0.0,0.0,0.0,0.0,0.0
Upland Sandpiper,0.0,0.0,0.0,0.0,0.0,0.0,0.0,0.0,0.0,0.0,0.0,0.0,0.0,0.0,0.0,0.0,0.0,0.0,0.0,0.0,0.0,0.0,0.0,0.0,0.0,0.0,0.0,0.0,0.0,0.0,0.0024876,0.0,0.0,0.0,0.0,0.0,0.0,0.0,0.0,0.0,0.0,0.0,0.0,0.0,0.0,0.0,0.0,0.0
Hudsonian Whimbrel,0.0,0.0,0.0,0.0,0.0,0.0,0.0,0.0,0.0,0.0,0.0,0.0,0.0,0.0,0.0013441,0.0031315,0.002594,0.0035211,0.0071942,0.001032,0.0,0.0,0.0,0.0,0.0,0.0,0.0,0.0,0.0,0.0,0.0,0.0,0.0,0.0,0.0,0.0,0.0,0.0,0.0,0.0,0.0,0.0,0.0,0.0,0.0,0.0,0.0,0.0
Long-billed Curlew,0.0,0.0,0.0,0.0,0.0,0.0,0.0,0.0,0.0,0.0,0.0,0.0011099,0.0,0.0,0.0,0.0,0.0,0.0,0.0,0.0,0.0,0.0,0.0,0.0,0.0,0.0,0.0,0.0017422,0.0,0.0,0.0,0.0,0.0,0.0,0.0,0.0,0.0,0.0,0.0,0.0,0.0,0.0,0.0,0.0,0.0,0.0,0.0,0.0
Short-billed Dowitcher,0.0,0.0,0.0,0.0,0.0,0.0,0.0,0.0,0.0,0.0,0.0,0.0,0.0,0.0,0.0015,0.0,0.0064851,0.0023474,0.0,0.001032,0.0,0.0,0.0,0.0,0.0,0.0107239,0.0076726,0.0052265,0.0054645,0.0015,0.0024876,0.0045113,0.0189394,0.0022173,0.0,0.0,0.0,0.0,0.0,0.0,0.0,0.0,0.0,0.0,0.0,0.0,0.0,0.0
Long-billed Dowitcher,0.020979,0.0055046,0.0227671,0.0196353,0.0096339,0.0223577,0.012987,0.0136187,0.0097245,0.0019608,0.0055762,0.0033296,0.011236,0.0,0.0,0.0,0.0116732,0.0657277,0.0374101,0.002064,0.0,0.0,0.0,0.0,0.0025641,0.1608579,0.1918159,0.1219512,0.1229508,0.0291777,0.0497512,0.0270677,0.0037879,0.0332594,0.0350877,0.0630872,0.0663984,0.0440613,0.0985915,0.0482574,0.0193798,0.0185874,0.0132325,0.0029851,0.0026455,0.0056022,0.0271084,0.0119454
Wilson's Snipe,0.0405594,0.0256881,0.0402802,0.0546985,0.0231214,0.0569106,0.0352505,0.0525292,0.0356564,0.027451,0.0260223,0.0266371,0.0658106,0.0559006,0.0591398,0.059499,0.0518807,0.0234742,0.0172662,0.001032,0.0,0.0,0.0,0.0,0.0,0.0053619,0.0051151,0.0069686,0.0081967,0.0159151,0.0099502,0.0360902,0.0681818,0.1175166,0.1130604,0.1328859,0.0985915,0.0938697,0.1207243,0.1072386,0.0736434,0.0687732,0.1077505,0.0567164,0.0634921,0.0560224,0.060241,0.0409556
Wilson's Phalarope,0.0,0.0,0.0,0.0,0.0,0.0,0.0,0.0,0.0,0.0,0.0,0.0,0.0,0.0,0.0,0.0,0.001297,0.0176056,0.0028777,0.00516,0.0015,0.0017637,0.0022831,0.0,0.0,0.0,0.0051151,0.0,0.0,0.0026525,0.0,0.0,0.0,0.0,0.0,0.0,0.0,0.0,0.0,0.0,0.0,0.0,0.0,0.0,0.0,0.0,0.0,0.0
Red-necked Phalarope,0.0,0.0,0.0,0.0,0.0,0.0,0.0,0.0,0.0,0.0,0.0,0.0,0.0,0.0,0.0,0.0,0.0,0.0,0.0028777,0.002064,0.0,0.0,0.0,0.0,0.0,0.0,0.0,0.0,0.0,0.0106101,0.0049751,0.0090226,0.0189394,0.0,0.0,0.0040268,0.0,0.0,0.0,0.0,0.0,0.0,0.0,0.0,0.0,0.0,0.0,0.0
Spotted Sandpiper,0.0013986,0.0,0.0,0.0014025,0.0,0.0020325,0.0,0.0,0.0,0.0,0.0,0.0011099,0.0,0.0,0.0,0.0125261,0.0505837,0.0751174,0.0920863,0.0825593,0.0476839,0.0141093,0.0342466,0.0140281,0.0307692,0.0080429,0.0306905,0.0574913,0.0655738,0.1087533,0.0820896,0.1218045,0.1136364,0.0620843,0.0233918,0.0147651,0.0020121,0.0019157,0.0040241,0.0093834,0.0,0.0,0.0,0.0,0.0,0.0,0.003012,0.0
Solitary Sandpiper,0.0,0.0,0.0,0.0,0.0,0.0,0.0,0.0,0.0,0.0,0.0,0.0,0.0,0.0,0.0,0.0334029,0.0609598,0.0211268,0.0100719,0.0,0.0,0.0,0.0,0.0,0.0,0.0,0.0025575,0.0052265,0.0163934,0.0106101,0.039801,0.0090226,0.0113636,0.0088692,0.0,0.0013423,0.0,0.0,0.0,0.0,0.0,0.0,0.0,0.0,0.0,0.0,0.0,0.0
Lesser Yellowlegs,0.0,0.0,0.0,0.0,0.0,0.0,0.0,0.0,0.0,0.0,0.0,0.0,0.0,0.0,0.0174731,0.0020877,0.002594,0.0011737,0.0057554,0.002064,0.0,0.0,0.0,0.008016,0.0025641,0.002681,0.0051151,0.0087108,0.0218579,0.0265252,0.0298507,0.0180451,0.0265152,0.0044346,0.0038986,0.0026846,0.0020121,0.0,0.0,0.0,0.0,0.0,0.0,0.0,0.0,0.0,0.0,0.0
Greater Yellowlegs,0.0,0.0,0.0,0.002805,0.0,0.0,0.0018553,0.0,0.0016207,0.0176471,0.0055762,0.0155383,0.0304976,0.0248447,0.0322581,0.0208768,0.0220493,0.0070423,0.0057554,0.0,0.0,0.0,0.0045662,0.012024,0.0230769,0.0294906,0.0358056,0.0087108,0.0163934,0.0132626,0.0373134,0.0390977,0.030303,0.0243902,0.0136452,0.0134228,0.0201207,0.0229885,0.0241449,0.0160858,0.001938,0.0018587,0.0,0.0,0.0,0.0,0.0,0.0017065
Ruff,0.0,0.0,0.0,0.0,0.0,0.0,0.0,0.0,0.0,0.0,0.0,0.0,0.0,0.0,0.0,0.0,0.0,0.0,0.0,0.0,0.0,0.0,0.0,0.0,0.0,0.0,0.0,0.0,0.0,0.0,0.0,0.0,0.0015,0.0,0.0,0.0,0.0,0.0,0.0,0.0,0.0,0.0,0.0,0.0,0.0,0.0,0.0,0.0
Sharp-tailed Sandpiper,0.0,0.0,0.0,0.0,0.0,0.0,0.0,0.0,0.0,0.0,0.0,0.0,0.0,0.0,0.0,0.0,0.0,0.0,0.0,0.0,0.0,0.0,0.0,0.0,0.0,0.0,0.0,0.0,0.0,0.0,0.0,0.0,0.0,0.0,0.0,0.0147651,0.0,0.0,0.0,0.0,0.0,0.0,0.0,0.0,0.0,0.0,0.0,0.0
Stilt Sandpiper,0.0,0.0,0.0,0.0,0.0,0.0,0.0,0.0,0.0,0.0,0.0,0.0,0.0,0.0,0.0,0.0,0.0,0.0,0.0,0.0,0.0,0.0,0.0,0.0,0.0,0.0,0.0,0.0,0.0,0.0,0.0015,0.0015,0.0015,0.0,0.0,0.0,0.0,0.0,0.0,0.0,0.0,0.0,0.0,0.0,0.0,0.0,0.0,0.0
Sanderling,0.0,0.0,0.0,0.0,0.0,0.0,0.0,0.0,0.0,0.0,0.0,0.0,0.0,0.0,0.0,0.0,0.0,0.0,0.0,0.0,0.0,0.0,0.0,0.0,0.0,0.0,0.0,0.0,0.0,0.0,0.0,0.0,0.0,0.0,0.0,0.0040268,0.0,0.0,0.0,0.0,0.0,0.0,0.0,0.0,0.005291,0.0,0.0,0.0
Dunlin,0.034965,0.0366972,0.0245184,0.0252454,0.0115607,0.0060976,0.0055659,0.0116732,0.0016207,0.0058824,0.0055762,0.0066593,0.0128411,0.0341615,0.0268817,0.0125261,0.0116732,0.0035211,0.0015,0.0,0.0,0.0,0.0,0.0,0.0,0.0,0.0,0.0,0.0,0.0,0.0,0.0,0.0,0.0,0.0019493,0.0,0.0040241,0.01341,0.028169,0.0469169,0.0658915,0.0371747,0.0189036,0.0164179,0.021164,0.0056022,0.0150602,0.0221843
Baird's Sandpiper,0.0,0.0,0.0,0.0,0.0,0.0,0.0,0.0,0.0,0.0,0.0,0.0,0.0,0.0,0.0,0.0,0.0,0.0,0.0,0.0,0.0,0.0,0.0,0.0,0.0,0.0,0.0,0.0015,0.0027322,0.0015,0.0049751,0.006015,0.0,0.0177384,0.0116959,0.0,0.0,0.0,0.0,0.0,0.0,0.0,0.0,0.0,0.0,0.0,0.0,0.0
Least Sandpiper,0.0055944,0.0018349,0.0017513,0.0014025,0.0,0.0,0.0,0.0,0.0016207,0.0,0.0,0.0,0.0,0.0046584,0.030914,0.1450939,0.1763943,0.0610329,0.0057554,0.001032,0.0027248,0.0,0.0,0.0320641,0.1564103,0.1447721,0.1662404,0.1114983,0.1448087,0.1405836,0.1716418,0.1639098,0.0625,0.0509978,0.0662768,0.0281879,0.0100604,0.0153257,0.0100604,0.002681,0.001938,0.0055762,0.0018904,0.0,0.0,0.0,0.003012,0.0
Pectoral Sandpiper,0.0,0.0,0.0,0.0,0.0,0.0,0.0,0.0,0.0,0.0,0.0,0.0,0.0,0.0,0.0,0.0,0.0,0.0035211,0.0143885,0.003096,0.0,0.0,0.0,0.0,0.0,0.0,0.0,0.0069686,0.0027322,0.005305,0.0074627,0.006015,0.0568182,0.0133038,0.0487329,0.0483221,0.0241449,0.01341,0.0181087,0.002681,0.001938,0.0,0.0,0.0,0.0,0.0,0.0,0.0
Western Sandpiper,0.0,0.0,0.0,0.0,0.0,0.0,0.0,0.0,0.0,0.0,0.0,0.0,0.0,0.0,0.0120968,0.0334029,0.0596628,0.0187793,0.0028777,0.001032,0.0,0.0,0.0,0.002004,0.025641,0.0214477,0.0306905,0.0174216,0.010929,0.0371353,0.0696517,0.0330827,0.0473485,0.0620843,0.0643275,0.042953,0.0321932,0.0172414,0.0160966,0.0053619,0.003876,0.0,0.0,0.0,0.0,0.0,0.0,0.0
Semipalmated Sandpiper,0.0,0.0,0.0,0.0,0.0,0.0,0.0,0.0,0.0,0.0,0.0,0.0,0.0,0.0,0.0,0.0,0.001297,0.0023474,0.0,0.0,0.0,0.0,0.0,0.0,0.0025641,0.0015,0.0102302,0.0069686,0.0027322,0.0026525,0.0074627,0.0015038,0.0,0.0,0.0,0.0013423,0.0,0.0,0.0,0.0,0.0,0.0,0.0,0.0,0.0,0.0,0.0,0.0
Parasitic Jaeger,0.0,0.0,0.0,0.0,0.0,0.0,0.0,0.0,0.0,0.0,0.0,0.0,0.0,0.0,0.0,0.0,0.0,0.0,0.0,0.0,0.0,0.0,0.0,0.0,0.0,0.0,0.0,0.0,0.0,0.0,0.0,0.0,0.0,0.0015,0.0116959,0.0,0.0,0.0,0.0,0.0,0.0,0.0,0.0,0.0,0.0,0.0,0.0,0.0
Ancient Murrelet,0.0,0.0,0.0,0.0,0.0,0.0,0.0,0.0,0.0,0.0,0.0,0.0,0.0,0.0,0.0,0.0,0.0,0.0,0.0,0.0,0.0,0.0,0.0,0.0,0.0,0.0,0.0,0.0,0.0,0.0,0.0,0.0,0.0,0.0,0.0,0.0,0.0020121,0.0,0.0,0.0,0.0,0.0,0.0,0.0,0.0,0.0,0.0,0.0
Ross's Gull,0.0,0.0,0.0,0.0,0.0,0.0,0.0,0.0,0.0,0.0,0.0,0.0,0.0,0.0,0.0,0.0,0.0,0.0,0.0,0.0,0.0,0.0,0.0,0.0,0.0,0.0,0.0,0.0,0.0,0.0,0.0,0.0,0.0,0.0,0.0,0.0,0.0,0.0,0.0,0.0,0.0,0.0,0.0,0.0,0.0015,0.0,0.0,0.0
Sabine's Gull,0.0,0.0,0.0,0.0,0.0,0.0,0.0,0.0,0.0,0.0,0.0,0.0,0.0,0.0,0.0,0.0,0.0,0.0,0.0,0.0,0.0,0.0,0.0,0.0,0.0,0.0,0.0,0.0,0.0,0.0,0.0,0.0,0.0,0.0066519,0.0,0.0,0.0,0.0,0.0,0.0,0.0,0.0,0.0,0.0,0.0,0.0,0.0,0.0
Bonaparte's Gull,0.0,0.0018349,0.0,0.0,0.0,0.0015,0.0,0.0,0.0,0.0,0.0,0.0,0.0,0.0015528,0.0013441,0.0020877,0.0051881,0.0011737,0.0100719,0.006192,0.0,0.0,0.0159817,0.0,0.0,0.0,0.0,0.0,0.0,0.0,0.0024876,0.0030075,0.0,0.0066519,0.0097466,0.0053691,0.0120724,0.0076628,0.0040241,0.0120643,0.0135659,0.0130112,0.0037807,0.0,0.0026455,0.0,0.0015,0.0
Franklin's Gull,0.0,0.0,0.0,0.0,0.0,0.0,0.0,0.0,0.0,0.0,0.0,0.0,0.0,0.0,0.0,0.0,0.001297,0.0,0.0,0.0,0.0,0.0,0.0,0.0,0.0,0.0,0.0,0.0,0.0,0.0,0.0,0.0015038,0.0,0.0,0.0019493,0.0,0.0,0.0,0.0,0.0,0.0,0.0,0.0,0.0,0.0,0.0,0.0,0.0
Short-billed Gull,0.1174825,0.0954128,0.1050788,0.0911641,0.0789981,0.0873984,0.0649351,0.0836576,0.0680713,0.0588235,0.070632,0.0643729,0.081862,0.0900621,0.063172,0.0292276,0.0129702,0.0046948,0.0028777,0.002064,0.0,0.0,0.0,0.0,0.0,0.0,0.0,0.0,0.0081967,0.0,0.0049751,0.0030075,0.0094697,0.0155211,0.0097466,0.0268456,0.054326,0.0517241,0.0764588,0.1099196,0.1007752,0.1226766,0.1115312,0.1089552,0.1058201,0.1176471,0.1325301,0.1023891
Ring-billed Gull,0.1888112,0.1119266,0.1366025,0.1220196,0.1098266,0.1056911,0.1076067,0.1128405,0.0858995,0.0470588,0.027881,0.0144284,0.0304976,0.0326087,0.0201613,0.0177453,0.0103761,0.0199531,0.0172662,0.0268318,0.0190736,0.0246914,0.0342466,0.0280561,0.0282051,0.0321716,0.0383632,0.043554,0.0519126,0.071618,0.0771144,0.0631579,0.1060606,0.1906874,0.2339181,0.1865772,0.1770624,0.1666667,0.1911469,0.19437,0.2267442,0.2007435,0.1890359,0.2283582,0.1825397,0.1876751,0.189759,0.1552901
Western Gull,0.0013986,0.0018349,0.0,0.0042076,0.0057803,0.0020325,0.0092764,0.0,0.0,0.0,0.0,0.0,0.0016051,0.0,0.0013441,0.0,0.0,0.0,0.0,0.001032,0.0,0.0,0.0,0.0,0.0,0.0,0.0,0.0,0.0,0.0,0.0,0.0,0.0,0.0022173,0.0,0.0013423,0.0,0.0019157,0.0,0.0013405,0.001938,0.0037175,0.0018904,0.0,0.0,0.0,0.003012,0.0051195
American Herring Gull,0.006993,0.012844,0.0035026,0.002805,0.0057803,0.0060976,0.0092764,0.0038911,0.006483,0.0058824,0.0018587,0.0055494,0.0048154,0.0015528,0.0026882,0.0,0.0,0.0,0.0,0.0,0.0,0.0,0.0,0.0,0.0,0.0,0.0,0.0,0.0,0.0,0.0,0.0,0.0018939,0.0,0.0,0.0040268,0.0020121,0.0015,0.0040241,0.0040214,0.0077519,0.0037175,0.0075614,0.0029851,0.0132275,0.0,0.0,0.0017065
California Gull,0.0265734,0.0275229,0.0210158,0.0140252,0.017341,0.0142276,0.0111317,0.0233463,0.006483,0.0156863,0.0167286,0.0144284,0.0176565,0.0217391,0.0228495,0.0240084,0.0246433,0.0176056,0.0330935,0.0433437,0.0558583,0.0864198,0.06621,0.0480962,0.0358974,0.0536193,0.0664962,0.0836237,0.0628415,0.0822281,0.1094527,0.0661654,0.0984848,0.1884701,0.1968811,0.1798658,0.1488934,0.137931,0.1529175,0.113941,0.1104651,0.0873606,0.0812854,0.0507463,0.037037,0.0364146,0.0271084,0.0204778
Glaucous-winged Gull,0.3636364,0.3266055,0.3397548,0.3380084,0.3699422,0.3597561,0.3506494,0.3599222,0.3776337,0.3470588,0.2806691,0.3085461,0.2760835,0.3695652,0.3736559,0.3851775,0.3968872,0.3802817,0.4,0.4158927,0.4059946,0.4021164,0.3675799,0.2985972,0.3717949,0.3458445,0.3785166,0.3797909,0.4153005,0.4190981,0.4353234,0.3518797,0.3257576,0.3170732,0.331384,0.295302,0.2615694,0.289272,0.3219316,0.3485255,0.4031008,0.3643123,0.4102079,0.3686567,0.3994709,0.4033613,0.4638554,0.3737201
Iceland Gull,0.0055944,0.0018349,0.0015,0.0042076,0.0019268,0.004065,0.0,0.0,0.0,0.0,0.0,0.0011099,0.0,0.0,0.0026882,0.0,0.0,0.0,0.0,0.0,0.0,0.0,0.0,0.0,0.0,0.0,0.0,0.0,0.0,0.0,0.0,0.0,0.0,0.0,0.0,0.0,0.0020121,0.0019157,0.0,0.0053619,0.005814,0.0055762,0.0018904,0.0029851,0.005291,0.0028011,0.003012,0.0051195
Least Tern,0.0,0.0,0.0,0.0,0.0,0.0,0.0,0.0,0.0,0.0,0.0,0.0,0.0,0.0,0.0,0.0,0.0,0.0,0.0,0.0,0.013624,0.0,0.0,0.0,0.0,0.0,0.0,0.0,0.0,0.0,0.0,0.0,0.0,0.0,0.0,0.0,0.0,0.0,0.0,0.0,0.0,0.0,0.0,0.0,0.0,0.0,0.0,0.0
Caspian Tern,0.0,0.0,0.0,0.0,0.0,0.0,0.0,0.0,0.0,0.0,0.0,0.0,0.0048154,0.0217391,0.063172,0.1263048,0.1465629,0.1443662,0.2129496,0.3054696,0.3119891,0.3880071,0.3675799,0.3867735,0.3769231,0.3887399,0.3503836,0.4372822,0.3497268,0.3209549,0.3283582,0.2827068,0.2765152,0.2882483,0.2046784,0.1530201,0.0442656,0.0038314,0.0120724,0.0013405,0.0,0.0,0.0,0.0,0.0,0.0,0.0,0.0
Black Tern,0.0,0.0,0.0,0.0,0.0,0.0,0.0,0.0,0.0,0.0,0.0,0.0,0.0,0.0,0.0,0.0,0.0,0.0,0.0,0.0015,0.0,0.0,0.0,0.0,0.0,0.0,0.0,0.0,0.0,0.0,0.0,0.0,0.0,0.0,0.0,0.0,0.0,0.0,0.0,0.0,0.0,0.0,0.0,0.0,0.0,0.0,0.0,0.0
Forster's Tern,0.0,0.0,0.0,0.0,0.0,0.0,0.0,0.0,0.0,0.0,0.0,0.0,0.0,0.0,0.0,0.0,0.0,0.0,0.0,0.0216718,0.0,0.0,0.0,0.0,0.0,0.0,0.0,0.0,0.0,0.0,0.0,0.0,0.0,0.0,0.0,0.0,0.0,0.0,0.0,0.0,0.0,0.0,0.0,0.0,0.0,0.0,0.0,0.0
Arctic Tern,0.0,0.0,0.0,0.0,0.0,0.0,0.0,0.0,0.0,0.0,0.0,0.0,0.0,0.0,0.0,0.0,0.0,0.0,0.0,0.0,0.0,0.0,0.0,0.0,0.0,0.0,0.0,0.0,0.0,0.0,0.0,0.0,0.0,0.0,0.0019493,0.0,0.0,0.0,0.0,0.0,0.0,0.0,0.0,0.0,0.0,0.0,0.0,0.0
Common Tern,0.0,0.0,0.0,0.0,0.0,0.0,0.0,0.0,0.0,0.0,0.0,0.0,0.0,0.0,0.0,0.0,0.0,0.0,0.0,0.0,0.0,0.0,0.0,0.0,0.0,0.0,0.0,0.0,0.0,0.0,0.0,0.0,0.0037879,0.0532151,0.0194932,0.0,0.0,0.0,0.0,0.0,0.0,0.0,0.0,0.0,0.0,0.0,0.0,0.0
Pied-billed Grebe,0.8321678,0.8275229,0.8353765,0.8092567,0.8285164,0.8353659,0.8218924,0.8365759,0.8314425,0.8647059,0.8810409,0.8712542,0.8298555,0.8385093,0.8225806,0.7160752,0.6718547,0.6666667,0.6215827,0.6573787,0.6512262,0.643739,0.6484018,0.6372745,0.6846154,0.6970509,0.6982097,0.7752613,0.8306011,0.7851459,0.8308458,0.8526316,0.8503788,0.8558758,0.8557505,0.842953,0.8531187,0.8199234,0.832998,0.8619303,0.8449612,0.8289963,0.8185255,0.8149254,0.8465608,0.8263305,0.813253,0.7952218
Horned Grebe,0.0153846,0.012844,0.0175131,0.0112202,0.0231214,0.0203252,0.0185529,0.0175097,0.0113452,0.0098039,0.0037175,0.0044395,0.0016051,0.0093168,0.0040323,0.0041754,0.002594,0.0058685,0.0,0.0,0.0,0.0,0.0,0.0,0.0,0.0,0.0,0.0,0.0,0.0,0.0049751,0.0015038,0.0094697,0.0266075,0.0233918,0.033557,0.0583501,0.0536398,0.0503018,0.0576408,0.0387597,0.0315985,0.0189036,0.0283582,0.0343915,0.0196078,0.0271084,0.0255973
Red-necked Grebe,0.0041958,0.0018349,0.0052539,0.002805,0.0057803,0.004065,0.0055659,0.0,0.0081037,0.0058824,0.0,0.0055494,0.0016051,0.0031056,0.0040323,0.0,0.002594,0.0,0.0028777,0.0,0.0,0.0,0.0,0.0,0.0051282,0.0,0.0025575,0.0017422,0.0027322,0.0,0.0,0.0090226,0.0056818,0.0199557,0.0311891,0.0389262,0.0120724,0.0153257,0.0160966,0.0160858,0.0135659,0.0185874,0.0056711,0.0149254,0.0026455,0.0056022,0.0120482,0.0068259
Eared Grebe,0.0,0.0,0.0,0.0,0.0,0.0,0.0,0.0,0.0,0.0,0.0,0.0,0.0,0.0,0.0,0.0,0.0,0.0,0.0,0.0,0.0,0.0,0.0,0.0,0.0,0.0,0.0,0.0,0.0,0.0,0.0,0.0,0.0015,0.0066519,0.005848,0.0,0.0060362,0.0095785,0.0,0.002681,0.0251938,0.0018587,0.0,0.0014925,0.0,0.0,0.0,0.0015
Western Grebe,0.0027972,0.0073394,0.0070053,0.002805,0.0096339,0.0101626,0.0055659,0.0038911,0.006483,0.0058824,0.0018587,0.0022198,0.0032103,0.0046584,0.0040323,0.0041754,0.0038911,0.0070423,0.0014388,0.0,0.0,0.0,0.0022831,0.0,0.0,0.0,0.0025575,0.0017422,0.0027322,0.0026525,0.0,0.0015038,0.0151515,0.0421286,0.0760234,0.1449664,0.2112676,0.2298851,0.1871227,0.1032172,0.1046512,0.0576208,0.0151229,0.0149254,0.015873,0.0112045,0.0060241,0.0068259
Red-throated Loon,0.0,0.0,0.0,0.0,0.0,0.0,0.0,0.0,0.0,0.0,0.0,0.0,0.0016051,0.0,0.0,0.0,0.0,0.0,0.0,0.001032,0.0,0.0,0.0,0.0,0.0,0.0,0.0,0.0,0.0,0.0,0.0,0.0,0.0,0.0,0.0,0.0,0.0,0.0,0.0,0.0,0.0,0.0,0.0,0.0,0.0,0.0,0.0,0.0
Pacific Loon,0.0,0.0,0.0,0.0,0.0,0.0015,0.0,0.0,0.0,0.0,0.0,0.0,0.0,0.0,0.0015,0.0,0.0,0.0,0.0,0.0,0.0,0.0,0.0,0.0,0.0,0.0,0.0,0.0,0.0,0.0,0.0,0.0,0.0,0.0,0.0,0.0013423,0.0040241,0.0,0.0060362,0.0120643,0.001938,0.0130112,0.0018904,0.0029851,0.005291,0.0,0.0,0.0
Common Loon,0.0,0.0018349,0.0017513,0.0014025,0.0019268,0.0,0.0018553,0.0019455,0.0016207,0.0039216,0.0,0.0011099,0.0016051,0.0279503,0.0080645,0.0177453,0.0077821,0.008216,0.0071942,0.0082559,0.0054496,0.005291,0.0091324,0.002004,0.0,0.002681,0.0,0.0,0.0,0.005305,0.0,0.0,0.0018939,0.0066519,0.0136452,0.0013423,0.0060362,0.0038314,0.0040241,0.0080429,0.0096899,0.0092937,0.0056711,0.0,0.010582,0.0,0.0060241,0.0051195
Brandt's Cormorant,0.0,0.0,0.0,0.0,0.0,0.0,0.0,0.0,0.0016207,0.0,0.0,0.0,0.0,0.0,0.0,0.0,0.0,0.0,0.0,0.0,0.0,0.0,0.0,0.0,0.0,0.0,0.0,0.0,0.0,0.0,0.0,0.0,0.0,0.0,0.0,0.0,0.0,0.0,0.0,0.0,0.0,0.0,0.0,0.0,0.0,0.0,0.0,0.0
Pelagic Cormorant,0.0,0.0018349,0.0017513,0.0,0.0,0.0,0.0,0.0038911,0.0016207,0.0,0.0018587,0.0,0.0,0.0,0.0,0.0,0.0,0.0,0.0,0.0,0.0,0.0,0.0,0.0,0.0,0.0,0.0,0.0,0.0,0.0,0.0,0.0,0.0,0.0,0.0,0.0013423,0.0,0.0,0.0,0.0,0.0,0.0,0.0,0.0,0.0,0.0,0.0,0.0
Double-crested Cormorant,0.806993,0.7834862,0.7968476,0.7882188,0.7957611,0.8028455,0.7847866,0.8229572,0.7763371,0.8058824,0.8141264,0.8113208,0.8105939,0.8322981,0.7889785,0.7108559,0.5343709,0.3215962,0.1453237,0.120743,0.0980926,0.0511464,0.0479452,0.0440882,0.0487179,0.0294906,0.0127877,0.0383275,0.0355191,0.071618,0.10199,0.1774436,0.3011364,0.2793792,0.3489279,0.4308725,0.4185111,0.5095785,0.5814889,0.7010724,0.746124,0.7174721,0.7807183,0.741791,0.7566138,0.7843137,0.8072289,0.7969283
American Bittern,0.0097902,0.0110092,0.0105079,0.0168303,0.017341,0.0060976,0.0018553,0.0038911,0.0032415,0.0058824,0.0037175,0.0133185,0.0048154,0.0015528,0.0026882,0.0010438,0.001297,0.0023474,0.0014388,0.004128,0.0040872,0.0035273,0.0045662,0.002004,0.0051282,0.0241287,0.0204604,0.0139373,0.0081967,0.0185676,0.0497512,0.087218,0.0700758,0.0798226,0.0935673,0.0818792,0.0764588,0.0670498,0.0623742,0.1032172,0.0426357,0.0223048,0.0642722,0.0477612,0.031746,0.0308123,0.0210843,0.003413
Black-crowned Night Heron,0.0,0.0,0.0,0.0,0.0,0.0,0.0,0.0,0.0,0.0,0.0,0.0,0.0,0.0,0.0,0.0,0.0,0.0,0.0,0.0,0.0,0.0,0.0068493,0.0,0.0,0.0,0.0,0.0278746,0.0,0.0026525,0.0,0.006015,0.0,0.0,0.0019493,0.0,0.0,0.0,0.0,0.0,0.0,0.0,0.0,0.0,0.0,0.0,0.0,0.0
Green Heron,0.0111888,0.0055046,0.033275,0.0350631,0.0250482,0.0223577,0.0148423,0.0233463,0.0210697,0.0,0.0185874,0.0044395,0.0176565,0.007764,0.0483871,0.0636743,0.075227,0.0903756,0.1280576,0.1176471,0.1607629,0.1904762,0.1621005,0.2144289,0.2333333,0.2412869,0.1841432,0.2944251,0.2704918,0.2785146,0.3034826,0.4300752,0.4848485,0.5011086,0.4132554,0.366443,0.2193159,0.1264368,0.0744467,0.0294906,0.0096899,0.0148699,0.0132325,0.019403,0.005291,0.0112045,0.0180723,0.0153584
Western Cattle-Egret,0.0,0.0,0.0,0.0,0.0,0.0,0.0,0.0,0.0,0.0,0.0,0.0,0.0,0.0,0.0,0.0,0.0,0.0,0.0,0.0,0.0,0.0,0.0,0.0,0.0,0.0,0.0,0.0,0.0,0.0,0.0,0.0,0.0,0.0,0.0,0.0,0.0,0.0,0.0,0.0,0.001938,0.0074349,0.0056711,0.0,0.0,0.0,0.0,0.0
Great Egret,0.0,0.0,0.0,0.0,0.0,0.0,0.0,0.0,0.0,0.0,0.0,0.0,0.0,0.0,0.0,0.0,0.0,0.0,0.0,0.002064,0.0,0.0,0.0,0.0,0.0153846,0.0,0.0,0.0,0.0,0.0,0.0024876,0.006015,0.0,0.0,0.0019493,0.0,0.0,0.0019157,0.0,0.0,0.001938,0.0,0.0018904,0.0,0.0026455,0.0,0.0,0.0
Great Blue Heron,0.7202797,0.7009174,0.7215412,0.7461431,0.7148362,0.7337398,0.7717996,0.733463,0.7309562,0.7137255,0.802974,0.8057714,0.8523274,0.8509317,0.8790323,0.874739,0.8573281,0.8779343,0.8604317,0.869969,0.8651226,0.8553792,0.8561644,0.9018036,0.8692308,0.8418231,0.8491049,0.8240418,0.8387978,0.8488064,0.8781095,0.8120301,0.8011364,0.8403548,0.8362573,0.7986577,0.8108652,0.7739464,0.7686117,0.7734584,0.751938,0.767658,0.7655955,0.719403,0.7089947,0.6582633,0.7379518,0.7047782
American White Pelican,0.0,0.0,0.0,0.0,0.0,0.0,0.0,0.0,0.0,0.0,0.0,0.0,0.0,0.0,0.0,0.0010438,0.0,0.0093897,0.0,0.0,0.0,0.0,0.0,0.0,0.0,0.0,0.0,0.0,0.0,0.0,0.0,0.0,0.0,0.0,0.0019493,0.0,0.0,0.0038314,0.0100604,0.0160858,0.0,0.0,0.0,0.0,0.0,0.0,0.0,0.0
Turkey Vulture,0.0,0.0,0.0,0.0,0.0,0.0,0.0,0.0,0.0,0.0098039,0.0,0.0055494,0.0224719,0.0031056,0.0094086,0.0041754,0.0064851,0.0070423,0.0014388,0.002064,0.0054496,0.0017637,0.0022831,0.0,0.0,0.0,0.0,0.0017422,0.0,0.0,0.0,0.0,0.0,0.0066519,0.0097466,0.0416107,0.0140845,0.0229885,0.0060362,0.0,0.001938,0.0,0.0037807,0.0,0.0,0.0,0.0,0.0
Osprey,0.0,0.0,0.0,0.0,0.0,0.0,0.0,0.0,0.0,0.0,0.0018587,0.0110988,0.1348315,0.3354037,0.4704301,0.5271399,0.5149157,0.5117371,0.5798561,0.6315789,0.6594005,0.6366843,0.6552511,0.7154309,0.6871795,0.6863271,0.6598465,0.674216,0.6202186,0.6339523,0.6318408,0.6766917,0.6420455,0.6053215,0.3547758,0.085906,0.0583501,0.0229885,0.0100604,0.0013405,0.0,0.0,0.0,0.0,0.0,0.0,0.0,0.0
Sharp-shinned Hawk,0.0321678,0.0348624,0.0297723,0.0210379,0.0366089,0.0325203,0.025974,0.0350195,0.0259319,0.0235294,0.0297398,0.0166482,0.0160514,0.0217391,0.0215054,0.0156576,0.0090791,0.0211268,0.0100719,0.004128,0.006812,0.0,0.0068493,0.002004,0.0025641,0.002681,0.0051151,0.0017422,0.0163934,0.0079576,0.0149254,0.0045113,0.0094697,0.0155211,0.0253411,0.0120805,0.0422535,0.0670498,0.0482897,0.0522788,0.0717054,0.0446097,0.0302457,0.0477612,0.0291005,0.0280112,0.0512048,0.0477816
Cooper's Hawk,0.4223776,0.4293578,0.4203152,0.398317,0.3776493,0.3028455,0.3506494,0.3540856,0.3403566,0.3039216,0.3122677,0.2952275,0.2712681,0.242236,0.2405914,0.2192067,0.2360571,0.149061,0.1769784,0.2105263,0.2234332,0.2416226,0.2214612,0.2164329,0.2179487,0.2439678,0.2122762,0.2404181,0.2131148,0.3076923,0.3084577,0.3699248,0.3295455,0.421286,0.417154,0.4241611,0.4064386,0.4272031,0.444668,0.463807,0.4089147,0.3847584,0.4120983,0.3970149,0.4100529,0.4705882,0.4548193,0.4197952
Northern Harrier,0.0055944,0.0018349,0.0017513,0.002805,0.0,0.0081301,0.0018553,0.0077821,0.0097245,0.0137255,0.0018587,0.0066593,0.0080257,0.007764,0.0107527,0.0125261,0.0142672,0.0023474,0.0,0.006192,0.0027248,0.0017637,0.0022831,0.002004,0.0,0.0,0.0051151,0.0052265,0.0,0.0106101,0.0074627,0.0045113,0.0094697,0.0221729,0.0175439,0.0496644,0.0382294,0.0517241,0.0382294,0.0308311,0.0271318,0.0092937,0.0037807,0.0089552,0.005291,0.0084034,0.0120482,0.0017065
Bald Eagle,0.7468531,0.7266055,0.7705779,0.7335203,0.7206166,0.6930894,0.729128,0.7140078,0.7309562,0.6882353,0.7434944,0.7025527,0.7078652,0.7142857,0.7083333,0.723382,0.7224384,0.7194836,0.7309353,0.7863777,0.7983651,0.7777778,0.7739726,0.743487,0.7333333,0.7104558,0.6675192,0.6655052,0.5983607,0.5013263,0.2885572,0.1669173,0.0719697,0.0997783,0.122807,0.2281879,0.4386318,0.5785441,0.5855131,0.6487936,0.6492248,0.6096654,0.6521739,0.6358209,0.6666667,0.6946779,0.7108434,0.7406143
Red-shouldered Hawk,0.0,0.0,0.0,0.0,0.0,0.0,0.0,0.0,0.0,0.0,0.0,0.0,0.0,0.0,0.0,0.0,0.0,0.0,0.0,0.0,0.0,0.0,0.0,0.0,0.0,0.0,0.0,0.0,0.0027322,0.0,0.0,0.0,0.0189394,0.0288248,0.0,0.0,0.0,0.0,0.0,0.0,0.0,0.0,0.0,0.0,0.0,0.0,0.0,0.0
Swainson's Hawk,0.0,0.0,0.0,0.0,0.0,0.0,0.0,0.0,0.0,0.0,0.0,0.0,0.0,0.0,0.0026882,0.0020877,0.0051881,0.0011737,0.0,0.0,0.0,0.0,0.0,0.0,0.0,0.0,0.0,0.0,0.0,0.0,0.0,0.0,0.0,0.0,0.0,0.0,0.0,0.0,0.0,0.0,0.0,0.0,0.0,0.0,0.0,0.0,0.0,0.0
Red-tailed Hawk,0.1818182,0.1541284,0.1593695,0.1500701,0.1599229,0.2073171,0.2022263,0.192607,0.1750405,0.1627451,0.1654275,0.1509434,0.1348315,0.2003106,0.1733871,0.1680585,0.1673152,0.1185446,0.1007194,0.0804954,0.0817439,0.0828924,0.0821918,0.0641283,0.0487179,0.0509383,0.0537084,0.0627178,0.0655738,0.0371353,0.0472637,0.0631579,0.0776515,0.1064302,0.1150097,0.190604,0.1448692,0.1896552,0.2032193,0.1970509,0.2131783,0.2007435,0.2230624,0.2014925,0.1719577,0.1988796,0.2259036,0.1962457
American Barn Owl,0.0,0.0,0.0,0.0,0.0,0.0,0.0,0.0,0.0,0.0019608,0.0,0.0,0.0,0.0,0.0,0.0,0.0,0.0,0.0,0.0,0.0013624,0.0,0.0,0.0,0.0,0.0,0.0015,0.0017422,0.0,0.0,0.0024876,0.0,0.0,0.0,0.005848,0.0,0.0020121,0.0057471,0.0,0.0013405,0.003876,0.0018587,0.0,0.0,0.0,0.0,0.0,0.0017065
Snowy Owl,0.0015,0.0018349,0.0,0.0,0.0,0.0,0.0,0.0,0.0,0.0,0.0,0.0,0.0,0.0,0.0,0.0,0.0,0.0,0.0,0.0,0.0,0.0,0.0,0.0,0.0,0.0,0.0,0.0,0.0,0.0,0.0,0.0,0.0,0.0,0.0,0.0,0.0,0.0,0.0,0.0,0.0,0.0,0.0,0.0,0.005291,0.0015,0.0,0.0
Great Horned Owl,0.0,0.0,0.0,0.0,0.0,0.0,0.0,0.0,0.0,0.0039216,0.0,0.0,0.0,0.0,0.0,0.0,0.0,0.0,0.0,0.0,0.0,0.0,0.0,0.0,0.0,0.0,0.0,0.0,0.0,0.0,0.0024876,0.0030075,0.0056818,0.0044346,0.0,0.0,0.0015,0.0,0.0,0.0013405,0.001938,0.0018587,0.0,0.0,0.0,0.0,0.0,0.0
Barred Owl,0.0013986,0.0073394,0.0087566,0.002805,0.0019268,0.0060976,0.0018553,0.0077821,0.0081037,0.0019608,0.0,0.0011099,0.0016051,0.0,0.0013441,0.0020877,0.002594,0.0046948,0.0071942,0.0134159,0.0217984,0.0070547,0.0251142,0.01002,0.0076923,0.0160858,0.0051151,0.0121951,0.010929,0.0159151,0.0373134,0.0225564,0.0568182,0.0532151,0.0760234,0.0255034,0.0362173,0.0172414,0.0221328,0.0495979,0.0562016,0.0371747,0.0075614,0.0029851,0.0026455,0.0084034,0.003012,0.0119454
Short-eared Owl,0.0015,0.0015,0.0017513,0.0,0.0,0.0,0.0,0.0,0.0,0.0,0.0,0.0011099,0.0,0.0,0.0,0.0010438,0.0,0.0011737,0.0,0.0,0.0,0.0,0.0,0.0,0.0,0.0,0.0,0.0,0.0,0.0,0.0,0.0,0.0,0.0022173,0.0,0.0,0.0,0.0019157,0.0040241,0.0080429,0.0015,0.0111524,0.0056711,0.0014925,0.0,0.0,0.0,0.0
Northern Saw-whet Owl,0.0,0.0,0.0,0.0014025,0.0,0.0,0.0,0.0,0.0,0.0,0.0,0.0,0.0,0.0,0.0,0.0,0.0,0.0,0.0,0.0,0.0,0.0,0.0,0.0,0.0,0.0,0.0,0.0,0.0,0.0,0.0,0.0,0.0,0.0,0.0019493,0.0,0.0,0.0019157,0.0,0.0,0.0,0.0018587,0.0075614,0.0014925,0.0026455,0.0,0.0,0.0
Belted Kingfisher,0.4391608,0.4220183,0.502627,0.4684432,0.3737958,0.3658537,0.3191095,0.2859922,0.2949757,0.2490196,0.2527881,0.154273,0.1348315,0.0885093,0.0887097,0.0553236,0.0622568,0.0434272,0.0273381,0.0237358,0.0217984,0.015873,0.0205479,0.0621242,0.1769231,0.3619303,0.511509,0.6324042,0.6311475,0.6790451,0.699005,0.6451128,0.6458333,0.7383592,0.7368421,0.6657718,0.665996,0.6455939,0.6217304,0.6246649,0.6860465,0.6189591,0.7126654,0.5701493,0.6216931,0.4565826,0.5421687,0.4863481
Red-breasted Sapsucker,0.006993,0.0091743,0.0,0.0056101,0.0077071,0.004065,0.0092764,0.0,0.0048622,0.0098039,0.0092937,0.0055494,0.0032103,0.007764,0.0053763,0.0,0.002594,0.0023474,0.0,0.0,0.0040872,0.0,0.0,0.0,0.0,0.0,0.0,0.0034843,0.0,0.0,0.0024876,0.0,0.0018939,0.0022173,0.0038986,0.0134228,0.0060362,0.0076628,0.0080483,0.0120643,0.001938,0.0130112,0.0075614,0.0089552,0.0026455,0.0028011,0.0060241,0.0068259
Lewis's Woodpecker,0.0,0.0,0.0,0.0,0.0,0.0,0.0,0.0,0.0,0.0,0.0,0.0,0.0,0.0,0.0,0.0,0.001297,0.0,0.0,0.0,0.0,0.0,0.0,0.0,0.0,0.0,0.0,0.0,0.0,0.0,0.0,0.0,0.0,0.0,0.0,0.0,0.0,0.0,0.0,0.0,0.0,0.0,0.0,0.0,0.0,0.0,0.0,0.0
Downy Woodpecker,0.3062937,0.3137615,0.3345009,0.3211781,0.2716763,0.2906504,0.2820037,0.3560311,0.3176661,0.3137255,0.3884758,0.3529412,0.4028892,0.4270186,0.3924731,0.3580376,0.3022049,0.2535211,0.2733813,0.3126935,0.3188011,0.2645503,0.2899543,0.3406814,0.2948718,0.2949062,0.2838875,0.3449477,0.3360656,0.331565,0.3507463,0.4075188,0.4450758,0.443459,0.4814815,0.3959732,0.3561368,0.3180077,0.2796781,0.2453083,0.2577519,0.3011152,0.2911153,0.2835821,0.2883598,0.32493,0.3313253,0.3003413
Hairy Woodpecker,0.0111888,0.0110092,0.0122592,0.0070126,0.0077071,0.004065,0.0148423,0.0077821,0.0097245,0.0098039,0.0092937,0.0044395,0.0080257,0.0108696,0.0107527,0.0083507,0.002594,0.008216,0.0057554,0.006192,0.006812,0.0017637,0.0045662,0.002004,0.0102564,0.0053619,0.0025575,0.0034843,0.0027322,0.0238727,0.0049751,0.0105263,0.0056818,0.0133038,0.005848,0.0107383,0.0100604,0.0057471,0.0100604,0.0067024,0.005814,0.0037175,0.0075614,0.0059701,0.005291,0.0056022,0.003012,0.0017065
Pileated Woodpecker,0.006993,0.012844,0.0227671,0.0112202,0.0192678,0.0223577,0.0037106,0.0272374,0.0356564,0.0098039,0.027881,0.0255272,0.046549,0.0512422,0.0174731,0.0354906,0.0311284,0.0434272,0.0460432,0.0464396,0.0422343,0.0017637,0.0091324,0.002004,0.0051282,0.002681,0.0051151,0.0069686,0.0081967,0.0185676,0.0074627,0.0120301,0.0113636,0.0066519,0.0292398,0.0120805,0.0120724,0.01341,0.0080483,0.0067024,0.005814,0.0055762,0.0075614,0.0119403,0.0079365,0.0056022,0.0060241,0.003413
Northern Flicker,0.5818182,0.559633,0.6129597,0.5918654,0.5799615,0.648374,0.6512059,0.6867704,0.6839546,0.7039216,0.7657993,0.72697,0.7014446,0.7111801,0.6357527,0.6242171,0.5706874,0.5328638,0.5971223,0.5975232,0.633515,0.6560847,0.5981735,0.6372745,0.6307692,0.6112601,0.6138107,0.6132404,0.5437158,0.5119363,0.4303483,0.5157895,0.5,0.5631929,0.6140351,0.6979866,0.7625755,0.7528736,0.7122736,0.6823056,0.6472868,0.5892193,0.6616257,0.5791045,0.5634921,0.5602241,0.5722892,0.5750853
American Kestrel,0.0013986,0.0015,0.0035026,0.0,0.0057803,0.0020325,0.0,0.0019455,0.0032415,0.0039216,0.0037175,0.0033296,0.0048154,0.0031056,0.0013441,0.0083507,0.0051881,0.0046948,0.0,0.0,0.0,0.0017637,0.0,0.0,0.0076923,0.002681,0.0,0.0069686,0.0054645,0.0106101,0.0124378,0.0075188,0.0037879,0.0177384,0.0194932,0.0107383,0.0120724,0.0057471,0.0040241,0.0053619,0.005814,0.0055762,0.0037807,0.0014925,0.0015,0.0,0.0,0.0017065
Merlin,0.0181818,0.0220183,0.0262697,0.0308555,0.0192678,0.0182927,0.0148423,0.0252918,0.0210697,0.0215686,0.0315985,0.0277469,0.035313,0.060559,0.0497312,0.0427975,0.0272374,0.0140845,0.018705,0.0165119,0.0081744,0.0176367,0.0365297,0.0160321,0.0128205,0.0321716,0.028133,0.1027875,0.0491803,0.0424403,0.0771144,0.0842105,0.0700758,0.1175166,0.0838207,0.0912752,0.1006036,0.0747126,0.1066398,0.0683646,0.0542636,0.035316,0.0378072,0.0358209,0.037037,0.0420168,0.0210843,0.0255973
Peregrine Falcon,0.0125874,0.0110092,0.0105079,0.0098177,0.0154143,0.0182927,0.0204082,0.0214008,0.0243112,0.0215686,0.0130112,0.0266371,0.0160514,0.0108696,0.0215054,0.0240084,0.0259403,0.0129108,0.0273381,0.0196078,0.0231608,0.0088183,0.0136986,0.008016,0.0153846,0.0053619,0.0204604,0.0243902,0.0300546,0.0159151,0.0174129,0.0195489,0.0246212,0.0243902,0.0292398,0.0214765,0.0301811,0.0287356,0.0342052,0.0268097,0.0271318,0.0315985,0.0113422,0.0104478,0.010582,0.0168067,0.0150602,0.0068259
Budgerigar,0.0,0.0,0.0,0.0,0.0,0.0,0.0,0.0,0.0,0.0,0.0,0.0,0.0,0.0,0.0,0.0,0.0,0.0,0.0,0.0,0.0,0.0,0.0,0.0,0.0,0.0,0.0,0.0,0.0,0.0,0.0024876,0.0,0.0,0.0,0.0,0.0,0.0,0.0,0.0,0.0,0.0,0.0,0.0,0.0,0.0,0.0,0.0,0.0
Olive-sided Flycatcher,0.0,0.0,0.0,0.0,0.0,0.0,0.0,0.0,0.0,0.0,0.0,0.0,0.0,0.0,0.0,0.0,0.0,0.0035211,0.0043165,0.006192,0.0027248,0.0017637,0.0022831,0.004008,0.0,0.0,0.0,0.0017422,0.0,0.0026525,0.0024876,0.0030075,0.0,0.0044346,0.0019493,0.0,0.0,0.0,0.0,0.0,0.0,0.0,0.0,0.0,0.0,0.0,0.0,0.0
Western Wood-Pewee,0.0,0.0,0.0,0.0,0.0,0.0,0.0,0.0,0.0,0.0,0.0,0.0,0.0,0.0,0.0,0.0,0.0194553,0.0469484,0.1251799,0.1351909,0.0735695,0.0582011,0.0570776,0.0841683,0.0461538,0.0107239,0.0127877,0.010453,0.010929,0.0185676,0.0298507,0.0270677,0.0056818,0.0310421,0.0097466,0.0026846,0.0,0.0,0.0,0.0,0.0,0.0,0.0,0.0,0.0,0.0,0.0,0.0
Willow Flycatcher,0.0,0.0,0.0,0.0,0.0,0.0,0.0,0.0,0.0,0.0,0.0,0.0,0.0,0.0,0.0,0.0,0.0,0.0,0.0158273,0.0887513,0.2002725,0.2592593,0.326484,0.3146293,0.2461538,0.1823056,0.1355499,0.1045296,0.1530055,0.071618,0.1044776,0.0736842,0.0681818,0.0687361,0.0136452,0.0067114,0.0,0.0015,0.0,0.0,0.0,0.0,0.0,0.0,0.0,0.0,0.0,0.0
Least Flycatcher,0.0,0.0,0.0,0.0,0.0,0.0,0.0,0.0,0.0,0.0,0.0,0.0,0.0,0.0,0.0,0.0,0.0,0.0,0.0,0.0,0.0,0.0,0.0,0.0,0.0,0.0,0.0,0.0,0.0,0.0,0.0015,0.0,0.0,0.0,0.0,0.0,0.0,0.0,0.0,0.0,0.0,0.0,0.0,0.0,0.0,0.0,0.0,0.0
Hammond's Flycatcher,0.0,0.0,0.0,0.0,0.0,0.0,0.0,0.0,0.0,0.0,0.0,0.0,0.0,0.0,0.0067204,0.0125261,0.0285344,0.0129108,0.018705,0.0072239,0.0013624,0.0,0.0,0.0,0.0025641,0.0,0.0,0.0,0.0,0.0026525,0.0024876,0.0030075,0.0,0.0,0.0015,0.0107383,0.0,0.0038314,0.0,0.0,0.0,0.0,0.0,0.0,0.0,0.0,0.0,0.0
Dusky Flycatcher,0.0,0.0,0.0,0.0,0.0,0.0,0.0,0.0,0.0,0.0,0.0,0.0,0.0,0.0,0.0,0.0,0.002594,0.0070423,0.0057554,0.001032,0.0,0.0,0.0,0.0,0.0,0.0,0.0,0.0,0.0,0.0,0.0,0.0,0.0,0.0,0.0,0.0,0.0,0.0,0.0,0.0,0.0,0.0,0.0,0.0,0.0,0.0,0.0,0.0
Western Flycatcher,0.0,0.0,0.0,0.0,0.0,0.0,0.0,0.0,0.0,0.0,0.0,0.0,0.0,0.0,0.0026882,0.0125261,0.0155642,0.0129108,0.0388489,0.0567595,0.0408719,0.0388007,0.0547945,0.0360721,0.0128205,0.0053619,0.0076726,0.0156794,0.0136612,0.0159151,0.0099502,0.0195489,0.0075758,0.0243902,0.0116959,0.0040268,0.0,0.0,0.0,0.0,0.0,0.0,0.0,0.0,0.0,0.0,0.0,0.0
Black Phoebe,0.0,0.0,0.0,0.0,0.0,0.0,0.0,0.0,0.0,0.0,0.0,0.0,0.0,0.0,0.0,0.0,0.0,0.0,0.0043165,0.0,0.0,0.0,0.0,0.0,0.0051282,0.0053619,0.0,0.0,0.0,0.0026525,0.0174129,0.006015,0.0018939,0.0,0.0,0.0,0.0,0.0,0.0,0.0,0.0,0.0,0.0,0.0,0.0,0.0,0.0,0.0
Eastern Phoebe,0.0,0.0,0.0,0.0,0.0,0.0,0.0,0.0,0.0,0.0,0.0,0.0,0.0,0.0,0.0,0.0,0.0,0.0,0.0,0.0,0.0,0.0,0.0,0.0,0.0,0.0,0.0,0.0,0.0,0.0,0.0,0.0,0.0,0.0,0.0,0.0,0.0,0.0,0.0,0.0,0.0,0.0,0.0,0.0,0.0,0.047619,0.0,0.0
Say's Phoebe,0.0,0.0,0.0,0.0,0.0,0.0,0.0,0.0,0.0437601,0.0176471,0.0018587,0.045505,0.0048154,0.0326087,0.0013441,0.0,0.0,0.0,0.0,0.0,0.0,0.0,0.0,0.0,0.0,0.0,0.0,0.0,0.0,0.0026525,0.0024876,0.0,0.0,0.0022173,0.0019493,0.0,0.0,0.0,0.0,0.0,0.0,0.0,0.0,0.0,0.0,0.0,0.0,0.0
Ash-throated Flycatcher,0.0,0.0,0.0,0.0,0.0,0.0,0.0,0.0,0.0,0.0,0.0,0.0,0.0,0.0,0.0,0.0,0.0,0.0,0.0,0.002064,0.0040872,0.005291,0.0,0.0,0.0,0.0,0.0,0.0,0.0,0.0,0.0,0.0,0.0,0.0,0.0,0.0,0.0,0.0,0.0,0.0,0.0,0.0,0.0,0.0,0.0,0.0,0.0,0.0
Tropical Kingbird,0.0,0.0,0.0,0.0,0.0,0.0,0.0,0.0,0.0,0.0,0.0,0.0,0.0,0.0,0.0,0.0,0.0,0.0,0.0,0.0,0.0,0.0,0.0,0.0,0.0,0.0,0.0,0.0,0.0,0.0,0.0,0.0,0.0,0.0,0.0,0.0,0.0,0.0,0.0,0.0015,0.0,0.0,0.0,0.0,0.0,0.0,0.0,0.0
Western Kingbird,0.0,0.0,0.0,0.0,0.0,0.0,0.0,0.0,0.0,0.0,0.0,0.0,0.0,0.0,0.0,0.0167015,0.0246433,0.008216,0.0906475,0.1001032,0.0217984,0.0017637,0.0159817,0.0,0.0025641,0.0,0.0,0.0,0.0027322,0.0,0.0,0.0180451,0.0018939,0.0022173,0.0,0.0,0.0,0.0,0.0,0.0,0.0,0.0,0.0,0.0,0.0,0.0,0.0,0.0
Eastern Kingbird,0.0,0.0,0.0,0.0,0.0,0.0,0.0,0.0,0.0,0.0,0.0,0.0,0.0,0.0,0.0,0.0,0.0,0.0,0.0,0.0123839,0.0081744,0.0405644,0.0319635,0.0,0.0,0.0,0.0025575,0.0,0.0,0.0026525,0.0,0.0330827,0.0,0.0,0.0,0.0,0.0,0.0,0.0,0.0,0.0,0.0,0.0,0.0,0.0,0.0,0.0,0.0
Scissor-tailed Flycatcher,0.0,0.0,0.0,0.0,0.0,0.0,0.0,0.0,0.0,0.0,0.0,0.0,0.0,0.0,0.0,0.0,0.0,0.0,0.0,0.0,0.0,0.0,0.0,0.0,0.0,0.0,0.0,0.0,0.0015,0.0,0.0,0.0,0.0,0.0,0.0,0.0,0.0,0.0,0.0,0.0,0.0,0.0,0.0,0.0,0.0,0.0,0.0,0.0
Hutton's Vireo,0.0013986,0.0036697,0.0070053,0.0070126,0.0057803,0.0060976,0.0092764,0.0097276,0.0145867,0.0156863,0.0148699,0.0077691,0.0128411,0.0108696,0.0094086,0.0093946,0.0129702,0.0187793,0.0043165,0.004128,0.0122616,0.0070547,0.0136986,0.006012,0.0051282,0.0053619,0.0102302,0.0017422,0.0015,0.0015,0.0024876,0.0030075,0.0094697,0.0022173,0.0038986,0.0067114,0.0080483,0.0076628,0.0060362,0.0080429,0.0077519,0.0037175,0.0018904,0.0089552,0.005291,0.0056022,0.003012,0.0068259
Cassin's Vireo,0.0,0.0,0.0,0.0,0.0,0.0,0.0,0.0,0.0,0.0,0.0,0.0,0.0,0.0,0.0,0.0,0.0064851,0.0011737,0.0071942,0.001032,0.0013624,0.0,0.0045662,0.0,0.0,0.0,0.0,0.0,0.0,0.0,0.0,0.0,0.0,0.0022173,0.0,0.0015,0.0,0.0,0.0,0.0,0.0,0.0,0.0,0.0,0.0,0.0,0.0,0.0
Blue-headed Vireo,0.0,0.0,0.0,0.0,0.0,0.0,0.0,0.0,0.0,0.0,0.0,0.0,0.0,0.0,0.0,0.0,0.0,0.0,0.0,0.0,0.0,0.0,0.0,0.0,0.0,0.0,0.0,0.0,0.0,0.0,0.0,0.0,0.0015,0.0,0.0,0.0,0.0,0.0,0.0,0.0,0.0,0.0,0.0,0.0,0.0,0.0,0.0,0.0
Western Warbling Vireo,0.0,0.0,0.0,0.0,0.0,0.0,0.0,0.0,0.0,0.0,0.0,0.0,0.0,0.0,0.0,0.065762,0.2204929,0.2323944,0.218705,0.1362229,0.1035422,0.0828924,0.0502283,0.0320641,0.0179487,0.0160858,0.0153453,0.0191638,0.0163934,0.0185676,0.0597015,0.1022556,0.0965909,0.0842572,0.0526316,0.0120805,0.0020121,0.0038314,0.0020121,0.0,0.0,0.0,0.0,0.0,0.0,0.0,0.0,0.0
Red-eyed Vireo,0.0,0.0,0.0,0.0,0.0,0.0,0.0,0.0,0.0,0.0,0.0,0.0,0.0,0.0,0.0,0.0,0.0,0.0,0.0,0.0015,0.0040872,0.005291,0.0045662,0.0,0.0,0.0,0.0,0.0,0.0,0.0,0.0,0.0030075,0.0037879,0.0044346,0.0015,0.0,0.0,0.0,0.0,0.0,0.0,0.0,0.0,0.0,0.0,0.0,0.0,0.0
Loggerhead Shrike,0.0,0.0,0.0,0.0,0.0,0.0,0.0,0.0,0.0048622,0.0,0.0,0.0,0.0,0.0015528,0.0,0.0,0.001297,0.0,0.0,0.0,0.0,0.0,0.0,0.0,0.0,0.0,0.0,0.0,0.0,0.0,0.0,0.0,0.0,0.0,0.0,0.0,0.0,0.0,0.0,0.0,0.0,0.0,0.0,0.0,0.0,0.0,0.0,0.0
Northern Shrike,0.013986,0.0146789,0.0087566,0.0,0.0019268,0.0020325,0.0037106,0.0019455,0.0016207,0.0019608,0.0018587,0.0210877,0.0016051,0.0108696,0.0,0.0,0.0,0.0,0.0,0.0,0.0,0.0,0.0,0.0,0.0,0.0,0.0,0.0,0.0,0.0,0.0,0.0,0.0,0.0,0.0,0.0,0.0020121,0.0344828,0.0321932,0.0428954,0.0465116,0.0055762,0.0226843,0.0089552,0.0132275,0.0112045,0.003012,0.0017065
Steller's Jay,0.3370629,0.2862385,0.3117338,0.3225806,0.2890173,0.2764228,0.3042672,0.2879377,0.2933549,0.2745098,0.2788104,0.2641509,0.2552167,0.2639752,0.2177419,0.1732777,0.1180285,0.1161972,0.1093525,0.0753354,0.0626703,0.0388007,0.06621,0.0561122,0.0589744,0.0375335,0.0741688,0.1045296,0.1147541,0.1485411,0.2313433,0.2932331,0.3977273,0.3946785,0.4424951,0.4765101,0.4828974,0.5019157,0.4386318,0.463807,0.496124,0.5185874,0.4914934,0.3791045,0.3253968,0.3333333,0.3222892,0.2627986
California Scrub-Jay,0.0293706,0.0495413,0.0262697,0.0364656,0.0346821,0.0386179,0.0352505,0.0389105,0.0388979,0.0313725,0.0371747,0.0277469,0.0288925,0.0295031,0.030914,0.0229645,0.0337224,0.0269953,0.0302158,0.0278638,0.0286104,0.0352734,0.0022831,0.002004,0.0025641,0.0,0.0,0.0034843,0.0027322,0.0,0.0,0.0045113,0.032197,0.0266075,0.0331384,0.0308725,0.0301811,0.0172414,0.0301811,0.0576408,0.0678295,0.0892193,0.0888469,0.0597015,0.0608466,0.0448179,0.0271084,0.0358362
Black-billed Magpie,0.0,0.0,0.0,0.0,0.0,0.0020325,0.0,0.0,0.0,0.0,0.0,0.0,0.0,0.0,0.0,0.0,0.0,0.0,0.0,0.0,0.0013624,0.0035273,0.0,0.002004,0.0,0.0,0.0,0.0,0.0,0.0,0.0,0.0,0.0,0.0,0.0,0.0,0.0,0.0,0.0,0.0,0.0,0.0,0.0,0.0,0.0,0.0,0.0,0.0
American Crow,0.9216783,0.893578,0.8721541,0.8751753,0.8921002,0.9044715,0.8923933,0.9124514,0.917342,0.9333333,0.9330855,0.9223085,0.918138,0.9347826,0.9462366,0.9279749,0.9312581,0.9330986,0.9352518,0.9401445,0.9468665,0.9365079,0.9269406,0.9438878,0.9128205,0.9356568,0.9002558,0.9181185,0.8989071,0.8885942,0.8532338,0.8932331,0.8712121,0.9113082,0.8986355,0.9342282,0.9235412,0.9061303,0.915493,0.8914209,0.9031008,0.9144981,0.926276,0.8940299,0.9047619,0.8767507,0.9156627,0.8924915
Common Raven,0.027972,0.0256881,0.0140105,0.0168303,0.0134875,0.0101626,0.0148423,0.0155642,0.0081037,0.0176471,0.0185874,0.0255272,0.0272873,0.0170807,0.0268817,0.026096,0.0311284,0.0164319,0.0129496,0.0165119,0.0163488,0.0123457,0.0205479,0.006012,0.0102564,0.0080429,0.0076726,0.010453,0.0,0.0185676,0.0124378,0.0120301,0.0170455,0.0687361,0.0506823,0.0416107,0.0523139,0.0268199,0.0482897,0.0241287,0.0310078,0.0204461,0.020794,0.0208955,0.015873,0.0140056,0.0120482,0.0153584
Black-capped Chickadee,0.7958042,0.787156,0.8143608,0.7952314,0.7880539,0.8313008,0.8181818,0.8404669,0.8444084,0.8607843,0.8698885,0.8601554,0.8715891,0.8680124,0.8454301,0.848643,0.8132296,0.786385,0.7510791,0.7585139,0.7452316,0.7636684,0.7511416,0.8356713,0.8205128,0.8310992,0.8491049,0.8414634,0.8743169,0.8541114,0.9029851,0.881203,0.8503788,0.9046563,0.8888889,0.9020134,0.8672032,0.8678161,0.8571429,0.8324397,0.8139535,0.8252788,0.8279773,0.8104478,0.7804233,0.7759104,0.810241,0.7645051
Mountain Chickadee,0.0,0.0,0.0,0.0014025,0.0,0.0,0.0,0.0,0.0,0.0,0.0,0.0,0.0,0.0,0.0,0.0,0.0,0.0,0.0,0.0,0.0,0.0,0.0,0.0,0.0,0.0,0.0,0.0,0.0,0.0,0.0,0.0,0.0,0.0,0.0,0.0,0.0,0.0,0.0,0.0,0.0,0.0,0.0,0.0,0.0,0.0,0.0,0.0
Chestnut-backed Chickadee,0.0503497,0.0807339,0.0910683,0.0911641,0.088632,0.097561,0.0909091,0.0933852,0.0988655,0.1117647,0.0929368,0.0765816,0.0963082,0.0714286,0.0591398,0.0709812,0.0856031,0.0680751,0.0820144,0.0557276,0.0858311,0.0970018,0.1141553,0.1122244,0.0846154,0.0857909,0.0537084,0.0696864,0.0874317,0.0636605,0.0671642,0.0842105,0.1041667,0.0931264,0.1130604,0.0912752,0.0744467,0.0651341,0.0643863,0.038874,0.0484496,0.0483271,0.0510397,0.0492537,0.031746,0.0420168,0.0662651,0.0580205
Horned Lark,0.0,0.0,0.0,0.0,0.0,0.0,0.0,0.0,0.0,0.0,0.0,0.0011099,0.0,0.0,0.0,0.0,0.0,0.0,0.0,0.0,0.0,0.0,0.0,0.0,0.0,0.0,0.0,0.0,0.0,0.0,0.0,0.0,0.0018939,0.0022173,0.005848,0.0053691,0.0,0.0015,0.0,0.0013405,0.001938,0.0,0.0,0.0,0.0026455,0.0,0.0,0.0
Bank Swallow,0.0,0.0,0.0,0.0,0.0,0.0,0.0,0.0,0.0,0.0,0.0,0.0,0.0,0.0,0.0013441,0.0020877,0.0038911,0.0035211,0.0100719,0.006192,0.0013624,0.0035273,0.0068493,0.0,0.0025641,0.002681,0.0,0.010453,0.0054645,0.0026525,0.0099502,0.0210526,0.0075758,0.0066519,0.0038986,0.0,0.0,0.0,0.0,0.0,0.0,0.0,0.0,0.0,0.0,0.0,0.0,0.0
Tree Swallow,0.0,0.0,0.0,0.0,0.0,0.0020325,0.0222635,0.0836576,0.184765,0.2921569,0.4182156,0.4894562,0.5810594,0.5993789,0.6384409,0.6701461,0.7211414,0.7359155,0.7179856,0.7585139,0.7234332,0.7495591,0.783105,0.7775551,0.5769231,0.4745308,0.4015345,0.2560976,0.1311475,0.1087533,0.0447761,0.0390977,0.0075758,0.0,0.0019493,0.0,0.0,0.0,0.0,0.0,0.0,0.0,0.0,0.0,0.0,0.0,0.0,0.0
Violet-green Swallow,0.0,0.0,0.0,0.0,0.0,0.0,0.0018553,0.0272374,0.0972447,0.2490196,0.3847584,0.4406215,0.4767255,0.5139752,0.4784946,0.4770355,0.4889754,0.4730047,0.5266187,0.6006192,0.6049046,0.6261023,0.6461187,0.5971944,0.6641026,0.69437,0.6035806,0.4303136,0.2595628,0.1644562,0.0970149,0.0887218,0.0473485,0.0332594,0.0701754,0.0268456,0.0160966,0.0057471,0.0,0.0013405,0.0,0.0,0.0,0.0,0.0,0.0,0.0,0.0
Purple Martin,0.0,0.0,0.0,0.0,0.0,0.0,0.0,0.0,0.0,0.0,0.0,0.0,0.0,0.0170807,0.0268817,0.1033403,0.1452659,0.2253521,0.2129496,0.2569659,0.3065395,0.2539683,0.2945205,0.4028056,0.2897436,0.3806971,0.3350384,0.4163763,0.4699454,0.5092838,0.4626866,0.4541353,0.125,0.0022173,0.0,0.0,0.0,0.0,0.0,0.0,0.0,0.0,0.0,0.0,0.0,0.0,0.0,0.0
Northern Rough-winged Swallow,0.0,0.0,0.0,0.0,0.0,0.0,0.0,0.0,0.0,0.0019608,0.0037175,0.0110988,0.0192616,0.0496894,0.0698925,0.0699374,0.0830091,0.0715962,0.0676259,0.0515996,0.0340599,0.037037,0.0296804,0.0521042,0.0461538,0.0214477,0.0332481,0.0243902,0.0382514,0.0424403,0.0298507,0.0315789,0.0151515,0.0022173,0.0038986,0.0,0.0,0.0,0.0,0.0,0.0,0.0,0.0,0.0,0.0,0.0,0.0,0.0
Barn Swallow,0.0,0.0073394,0.0227671,0.0126227,0.0597303,0.0325203,0.0296846,0.0466926,0.0713128,0.0607843,0.0111524,0.0743618,0.1123596,0.3152174,0.4569892,0.5480167,0.6809339,0.6338028,0.6834532,0.7595459,0.7765668,0.7548501,0.7374429,0.7034068,0.7102564,0.7560322,0.7161125,0.6898955,0.6420765,0.7108753,0.5572139,0.6285714,0.4867424,0.3481153,0.245614,0.1167785,0.0482897,0.0172414,0.0020121,0.0013405,0.001938,0.0055762,0.0,0.0134328,0.0,0.0084034,0.0,0.0017065
Cliff Swallow,0.0,0.0,0.0,0.0,0.0,0.0,0.0,0.0,0.0,0.0019608,0.0018587,0.0210877,0.0609952,0.1599379,0.1693548,0.2265136,0.2360571,0.2312207,0.247482,0.2868937,0.346049,0.3280423,0.3356164,0.2725451,0.3153846,0.3029491,0.2455243,0.2439024,0.1420765,0.1087533,0.0970149,0.0781955,0.0284091,0.0066519,0.0038986,0.0013423,0.0,0.0,0.0,0.0,0.0,0.0,0.0,0.0,0.0,0.0,0.0,0.0
Bushtit,0.2391608,0.2477064,0.1908932,0.197756,0.2196532,0.2601626,0.2949907,0.3599222,0.4635332,0.5470588,0.6542751,0.6692564,0.64687,0.6195652,0.594086,0.5981211,0.616083,0.5798122,0.6057554,0.5283798,0.5149864,0.5044092,0.4452055,0.4729459,0.425641,0.4986595,0.5575448,0.5191638,0.4617486,0.4429708,0.4402985,0.4240602,0.3996212,0.4146341,0.3996101,0.3744966,0.3360161,0.3697318,0.3661972,0.3230563,0.3255814,0.3234201,0.2741021,0.2313433,0.2037037,0.2605042,0.1957831,0.2235495
Ruby-crowned Kinglet,0.558042,0.5247706,0.5936953,0.5413745,0.4971098,0.5081301,0.5454545,0.5972763,0.560778,0.6156863,0.6152416,0.5205327,0.4141252,0.3214286,0.2137097,0.1169102,0.0505837,0.0199531,0.0028777,0.001032,0.0,0.0,0.0,0.0,0.0,0.0,0.0,0.0,0.0,0.0,0.0,0.0030075,0.0037879,0.0155211,0.0760234,0.1530201,0.2414487,0.3869732,0.4869215,0.4678284,0.5135659,0.4776952,0.5614367,0.5537313,0.5925926,0.5854342,0.5903614,0.5426621
Golden-crowned Kinglet,0.3006993,0.2642202,0.2854641,0.2258065,0.1868979,0.2093496,0.2115028,0.2276265,0.2025932,0.1666667,0.1431227,0.1009989,0.0738363,0.0807453,0.0672043,0.0480167,0.0570687,0.0422535,0.0359712,0.0309598,0.0299728,0.031746,0.0296804,0.0220441,0.0384615,0.0482574,0.028133,0.0452962,0.0464481,0.0689655,0.1044776,0.087218,0.1117424,0.1529933,0.1773879,0.2107383,0.2032193,0.2777778,0.2957746,0.3029491,0.3139535,0.3104089,0.3516068,0.3358209,0.3333333,0.3361345,0.3042169,0.3293515
Red-breasted Nuthatch,0.0237762,0.0256881,0.0210158,0.0154278,0.0211946,0.0203252,0.0222635,0.0311284,0.0226904,0.0196078,0.0315985,0.0255272,0.0529695,0.060559,0.0255376,0.0417537,0.0337224,0.0340376,0.0143885,0.0103199,0.0217984,0.0176367,0.043379,0.0300601,0.0128205,0.0402145,0.0409207,0.0400697,0.0327869,0.0901857,0.1119403,0.0977444,0.092803,0.0554324,0.0818713,0.0577181,0.0442656,0.0363985,0.0160966,0.0241287,0.0290698,0.0167286,0.0302457,0.0134328,0.010582,0.0196078,0.0361446,0.0187713
Brown Creeper,0.1958042,0.1908257,0.1978984,0.2019635,0.1811175,0.2052846,0.1762523,0.2354086,0.1961102,0.1882353,0.2211896,0.1664817,0.1685393,0.1754658,0.1827957,0.1764092,0.1491569,0.1561033,0.1697842,0.1744066,0.1621253,0.1463845,0.1347032,0.1002004,0.1102564,0.1394102,0.168798,0.1585366,0.1666667,0.1803714,0.2338308,0.1879699,0.2405303,0.2793792,0.2787524,0.2228188,0.1891348,0.2145594,0.2173038,0.1702413,0.1879845,0.2118959,0.1814745,0.1850746,0.1746032,0.1960784,0.189759,0.1877133
Northern House Wren,0.0,0.0,0.0,0.0,0.0,0.0,0.0,0.0,0.0,0.0,0.0,0.0,0.0,0.0,0.0,0.0,0.001297,0.0023474,0.0071942,0.0123839,0.0435967,0.021164,0.0159817,0.0,0.0,0.0,0.0,0.0,0.0,0.0,0.0,0.0,0.0,0.0,0.0019493,0.0,0.0,0.0,0.0,0.0,0.0,0.0,0.0,0.0,0.0,0.0,0.0,0.0
Pacific Wren,0.1944056,0.2146789,0.1943958,0.2342216,0.2196532,0.2886179,0.244898,0.2470817,0.2658023,0.2372549,0.2304833,0.1187569,0.0626003,0.0590062,0.0362903,0.0219207,0.0181582,0.0117371,0.0215827,0.0113519,0.0095368,0.0088183,0.0068493,0.002004,0.0025641,0.002681,0.0025575,0.0,0.0,0.0026525,0.0,0.0045113,0.0056818,0.0133038,0.0155945,0.0308725,0.0684105,0.1283525,0.1649899,0.1903485,0.2267442,0.2565056,0.2344045,0.2373134,0.2513228,0.2521008,0.2921687,0.2337884
Marsh Wren,0.358042,0.3412844,0.441331,0.4137447,0.416185,0.5,0.4972171,0.5914397,0.5721232,0.6411765,0.6933086,0.7069922,0.7592295,0.7593168,0.7728495,0.7359081,0.7405966,0.7276995,0.7438849,0.7626419,0.7724796,0.7231041,0.7557078,0.741483,0.6461538,0.5335121,0.488491,0.3797909,0.3715847,0.3793103,0.4154229,0.3849624,0.4015152,0.4745011,0.4288499,0.4416107,0.4466801,0.4386973,0.4668008,0.4852547,0.4476744,0.4256506,0.3799622,0.4104478,0.3968254,0.4285714,0.3704819,0.3464164
Bewick's Wren,0.5608392,0.5412844,0.5814361,0.5946704,0.5491329,0.5995935,0.6029685,0.6750973,0.6580227,0.6745098,0.6988848,0.6881243,0.6725522,0.6987578,0.6330645,0.6200418,0.6251621,0.6244131,0.5697842,0.5758514,0.5626703,0.5696649,0.5342466,0.5891784,0.5384615,0.5630027,0.6061381,0.5993031,0.5928962,0.6392573,0.6666667,0.6390977,0.6325758,0.6762749,0.705653,0.6630872,0.6358149,0.6590038,0.6297787,0.6032172,0.5988372,0.5687732,0.6162571,0.5507463,0.6005291,0.5462185,0.560241,0.5392491
American Dipper,0.0,0.0,0.0,0.0,0.0,0.0,0.0,0.0,0.0,0.0,0.0,0.0,0.0,0.0,0.0,0.0,0.0,0.0,0.0,0.0,0.0,0.0,0.0,0.0,0.0,0.0,0.0,0.0,0.0,0.0,0.0,0.0,0.0,0.0,0.0,0.0,0.0015,0.0,0.0,0.0,0.0,0.0,0.0,0.0,0.0,0.0,0.0,0.0
European Starling,0.3762238,0.4587156,0.4430823,0.5119215,0.5414258,0.5264228,0.5491651,0.5836576,0.5818476,0.5823529,0.5483271,0.5038846,0.4975923,0.5512422,0.4825269,0.493737,0.5304799,0.5258216,0.5338129,0.5758514,0.513624,0.3950617,0.4726027,0.4148297,0.3128205,0.2493298,0.2199488,0.1533101,0.1557377,0.1591512,0.1616915,0.1443609,0.1647727,0.2039911,0.2397661,0.2577181,0.277666,0.302682,0.3822938,0.3431635,0.3662791,0.3457249,0.3270321,0.3328358,0.3227513,0.3529412,0.3825301,0.3481229
Gray Catbird,0.0,0.0,0.0,0.0,0.0,0.0,0.0,0.0,0.0,0.0,0.0,0.0,0.0,0.0,0.0,0.0,0.0,0.0,0.0,0.0,0.0040872,0.0,0.0,0.0,0.0,0.0,0.0,0.0,0.0,0.0,0.0,0.0,0.0,0.0,0.0,0.0,0.0,0.0,0.0,0.0,0.0,0.0,0.0,0.0,0.0,0.0,0.0,0.0
Brown Thrasher,0.0,0.0,0.0,0.0,0.0,0.0,0.0,0.0,0.0,0.0,0.0,0.0,0.0,0.0,0.0,0.0,0.0,0.0,0.0,0.0,0.0,0.0015,0.0,0.0,0.0,0.0,0.0,0.0,0.0,0.0,0.0,0.0,0.0,0.0,0.0,0.0,0.0,0.0,0.0,0.0,0.0,0.0,0.0,0.0,0.0,0.0,0.0,0.0
Sage Thrasher,0.0,0.0,0.0,0.0,0.0,0.0,0.0,0.0,0.0,0.0,0.0,0.0,0.0,0.0,0.0295699,0.0041754,0.0,0.0,0.0,0.001032,0.0177112,0.0,0.0,0.0,0.0,0.0,0.0,0.0,0.0,0.0,0.0,0.0,0.0,0.0,0.0,0.0,0.0,0.0,0.0,0.0,0.0,0.0,0.0,0.0,0.0,0.0,0.0,0.0
Northern Mockingbird,0.0,0.0,0.0,0.0,0.0,0.0,0.0,0.0,0.0,0.0,0.0,0.0,0.0,0.0,0.0,0.0,0.0,0.0,0.0014388,0.0144479,0.0,0.0,0.0,0.0,0.0,0.0,0.0,0.0,0.0,0.0,0.0,0.0,0.0,0.0,0.0,0.0,0.0,0.0,0.0,0.0,0.0,0.0,0.0,0.0,0.0,0.0,0.0,0.0
Mountain Bluebird,0.0,0.0,0.0,0.0,0.0,0.0,0.0,0.0,0.0,0.0,0.0,0.0011099,0.0096308,0.0388199,0.0,0.0,0.0,0.0,0.0,0.0,0.0,0.0,0.0,0.0,0.0,0.0,0.0,0.0,0.0,0.0,0.0,0.0,0.0,0.0,0.0,0.0,0.0,0.0,0.0,0.0,0.0,0.0,0.0,0.0,0.0,0.0,0.0,0.0
Townsend's Solitaire,0.0,0.0,0.0,0.0,0.0,0.0,0.0,0.0,0.0,0.0,0.0,0.0,0.0,0.0,0.0,0.0,0.0051881,0.0,0.0,0.0,0.0,0.0,0.0,0.0,0.0,0.0,0.0,0.0,0.0,0.0,0.0,0.0,0.0,0.0,0.0,0.0,0.0,0.0,0.0015,0.0015,0.0,0.0,0.0,0.0,0.0,0.0,0.0,0.0
Varied Thrush,0.0167832,0.0238532,0.0227671,0.0504909,0.0558767,0.0426829,0.0556586,0.0642023,0.0567261,0.045098,0.0408922,0.0144284,0.0096308,0.0108696,0.0013441,0.006263,0.001297,0.0046948,0.0,0.002064,0.0,0.0017637,0.0,0.0,0.0,0.002681,0.0,0.0,0.0,0.0,0.0,0.0,0.0,0.0,0.005848,0.0147651,0.0181087,0.0421456,0.0241449,0.0187668,0.0251938,0.0315985,0.0189036,0.0104478,0.0396825,0.022409,0.0481928,0.0443686
Swainson's Thrush,0.0,0.0,0.0,0.0,0.0,0.0,0.0,0.0,0.0,0.0,0.0,0.0,0.0,0.0,0.0,0.0,0.0038911,0.0046948,0.0503597,0.0485036,0.0258856,0.0194004,0.0296804,0.012024,0.0153846,0.0160858,0.0153453,0.0087108,0.0054645,0.0106101,0.0199005,0.037594,0.0473485,0.0199557,0.0253411,0.0161074,0.0,0.0,0.0,0.0,0.0,0.0,0.0,0.0,0.0,0.0,0.0,0.0
Hermit Thrush,0.006993,0.0091743,0.0140105,0.0140252,0.0134875,0.0060976,0.0055659,0.0077821,0.0081037,0.0039216,0.0055762,0.0077691,0.0064205,0.007764,0.0228495,0.0563674,0.0246433,0.0023474,0.0014388,0.0015,0.0,0.0,0.0022831,0.0,0.0,0.0,0.0015,0.0,0.0,0.0,0.0,0.0,0.0,0.0133038,0.0175439,0.0295302,0.0120724,0.032567,0.0301811,0.0281501,0.0348837,0.0408922,0.0245747,0.0134328,0.015873,0.0028011,0.003012,0.0136519
American Robin,0.8321678,0.8422018,0.8528897,0.8681627,0.8574181,0.8556911,0.8923933,0.9105058,0.9059968,0.9156863,0.9182156,0.9078801,0.894061,0.9021739,0.8870968,0.8851775,0.9079118,0.8873239,0.8978417,0.9081527,0.9277929,0.9241623,0.9018265,0.8957916,0.8461538,0.7801609,0.7442455,0.6968641,0.5956284,0.4403183,0.4378109,0.3609023,0.3314394,0.3348115,0.3976608,0.5020134,0.6036217,0.7279693,0.806841,0.7788204,0.7945736,0.7750929,0.7920605,0.7791045,0.7698413,0.7843137,0.8012048,0.7713311
Cedar Waxwing,0.1006993,0.1119266,0.1033275,0.0869565,0.0770713,0.0772358,0.0853432,0.1011673,0.102107,0.0862745,0.0669145,0.0965594,0.0834671,0.0496894,0.0739247,0.1148225,0.1932555,0.2042254,0.4633094,0.7151703,0.7615804,0.6560847,0.6324201,0.6372745,0.574359,0.5630027,0.6035806,0.5993031,0.6229508,0.6100796,0.6119403,0.512782,0.4981061,0.5011086,0.4210526,0.3409396,0.3863179,0.4444444,0.4225352,0.3310992,0.2286822,0.1840149,0.1342155,0.1671642,0.1481481,0.092437,0.1024096,0.1023891
Northern Red Bishop,0.0,0.0,0.0,0.0,0.0,0.0,0.0,0.0,0.0,0.0,0.0,0.0,0.0,0.0,0.0,0.0,0.0,0.0,0.0,0.0,0.0,0.0,0.0022831,0.0,0.0,0.0,0.0,0.0,0.0,0.0,0.0,0.0,0.0,0.0,0.0,0.0,0.0,0.0,0.0,0.0,0.0,0.0,0.0,0.0,0.0,0.0,0.0,0.0
Pin-tailed Whydah,0.0,0.0,0.0,0.0,0.0,0.0,0.0,0.0,0.0,0.0,0.0,0.0,0.0,0.0,0.0,0.0,0.0,0.0,0.0,0.0,0.0,0.0,0.0,0.0,0.0,0.0,0.0,0.0,0.0,0.0026525,0.0,0.0,0.0,0.0,0.0,0.0,0.0,0.0,0.0,0.0,0.0,0.0,0.0,0.0,0.0,0.0,0.0,0.0
House Sparrow,0.0265734,0.0256881,0.0315236,0.0140252,0.0423892,0.0365854,0.0352505,0.0428016,0.0470016,0.0529412,0.0390335,0.0355161,0.0577849,0.060559,0.0577957,0.0521921,0.0687419,0.0551643,0.0561151,0.0712074,0.0558583,0.0582011,0.0730594,0.0661323,0.0692308,0.0670241,0.0511509,0.0522648,0.0710383,0.061008,0.0597015,0.0255639,0.030303,0.0199557,0.0311891,0.0281879,0.0362173,0.0383142,0.0342052,0.0281501,0.0251938,0.0408922,0.0189036,0.0313433,0.026455,0.0392157,0.0210843,0.0307167
American Pipit,0.0111888,0.012844,0.0017513,0.0084151,0.0,0.004065,0.0018553,0.0058366,0.0048622,0.0039216,0.0,0.0055494,0.0176565,0.0900621,0.1155914,0.1085595,0.0830091,0.0340376,0.0100719,0.006192,0.0,0.0,0.0,0.0,0.0,0.0,0.0,0.0,0.0,0.0,0.0,0.0090226,0.0435606,0.1308204,0.122807,0.1234899,0.0965795,0.0938697,0.056338,0.0656836,0.0503876,0.0446097,0.0321361,0.0074627,0.0132275,0.0056022,0.003012,0.0153584
Evening Grosbeak,0.0,0.0018349,0.0,0.0,0.0,0.0,0.0,0.0,0.0016207,0.0,0.0,0.0,0.0,0.0,0.0013441,0.0,0.002594,0.008216,0.0115108,0.0175439,0.0013624,0.0,0.0,0.0,0.0,0.0,0.0,0.0,0.0,0.0,0.0,0.0015038,0.0037879,0.0,0.0097466,0.0013423,0.0020121,0.0057471,0.0020121,0.0040214,0.003876,0.0,0.0,0.0,0.0,0.0,0.0,0.0
Pine Grosbeak,0.0,0.0,0.0,0.0,0.0,0.0,0.0,0.0,0.0,0.0,0.0,0.0,0.0,0.0,0.0,0.0,0.0,0.0,0.0,0.0,0.0,0.0,0.0,0.0,0.0,0.0,0.0,0.0,0.0,0.0,0.0,0.0,0.0,0.0,0.0,0.0,0.0,0.0,0.0,0.0,0.0,0.0,0.0,0.0,0.0,0.0,0.0,0.0017065
House Finch,0.5608392,0.5045872,0.502627,0.5329593,0.5606936,0.5345528,0.5602968,0.5933852,0.5494327,0.6137255,0.6282528,0.6137625,0.6388443,0.673913,0.6612903,0.6659708,0.6446174,0.6267606,0.6330935,0.6656347,0.6907357,0.707231,0.7648402,0.8116232,0.8,0.8096515,0.7877238,0.761324,0.6912568,0.7135279,0.6741294,0.5834586,0.5246212,0.5166297,0.5575049,0.5718121,0.5995976,0.6321839,0.6016097,0.5710456,0.5833333,0.5334572,0.5652174,0.5432836,0.5343915,0.5462185,0.626506,0.5494881
Purple Finch,0.0321678,0.0256881,0.0192644,0.0322581,0.0154143,0.0426829,0.0408163,0.0622568,0.0502431,0.0529412,0.063197,0.0577137,0.0272873,0.0248447,0.0268817,0.0156576,0.0168612,0.0152582,0.0158273,0.0113519,0.0163488,0.010582,0.0022831,0.004008,0.0205128,0.0107239,0.0153453,0.0087108,0.0027322,0.0106101,0.0124378,0.0210526,0.0359848,0.0665188,0.0779727,0.0697987,0.0663984,0.0498084,0.0462777,0.041555,0.0465116,0.0408922,0.047259,0.0447761,0.021164,0.022409,0.0331325,0.0307167
Redpoll,0.0125874,0.0073394,0.0227671,0.0042076,0.0057803,0.0060976,0.0,0.0,0.0,0.0019608,0.0,0.0,0.0,0.0,0.0,0.0,0.0,0.0,0.0,0.0,0.0,0.0,0.0,0.0,0.0,0.0,0.0,0.0,0.0,0.0,0.0,0.0,0.0,0.0,0.0,0.0,0.0,0.0,0.0,0.0,0.0,0.0,0.0,0.0,0.010582,0.0,0.003012,0.0085324
Red Crossbill,0.0041958,0.0036697,0.0015,0.0014025,0.0019268,0.0020325,0.0018553,0.0,0.0,0.0039216,0.0,0.0,0.0016051,0.0031056,0.0134409,0.0083507,0.0181582,0.0105634,0.0043165,0.0154799,0.0081744,0.005291,0.0045662,0.002004,0.0025641,0.0053619,0.0015,0.0017422,0.0,0.0026525,0.0074627,0.0,0.0,0.0022173,0.0019493,0.0,0.0020121,0.0019157,0.0020121,0.0,0.001938,0.0074349,0.0,0.0029851,0.005291,0.0,0.0,0.0
European Goldfinch,0.0,0.0,0.0,0.0,0.0,0.0,0.0,0.0,0.0,0.0,0.0,0.0,0.0,0.0,0.0,0.0,0.0,0.0,0.0,0.0,0.0,0.0,0.0,0.0,0.0,0.0,0.0,0.0,0.0,0.0,0.0,0.0,0.0018939,0.0,0.0,0.0,0.0,0.0,0.0,0.0,0.0,0.0,0.0,0.0,0.0,0.0,0.0,0.0
Pine Siskin,0.1692308,0.1963303,0.1295972,0.1248247,0.1213873,0.1077236,0.1317254,0.118677,0.1377634,0.1333333,0.1319703,0.1387347,0.1508828,0.1645963,0.1545699,0.105428,0.1024643,0.0762911,0.0546763,0.0371517,0.0245232,0.015873,0.0410959,0.0260521,0.0358974,0.0348525,0.0230179,0.0121951,0.0163934,0.0397878,0.0174129,0.0150376,0.0189394,0.0332594,0.0389864,0.0389262,0.0643863,0.0957854,0.110664,0.1621984,0.1686047,0.1933086,0.2703214,0.2567164,0.2222222,0.2184874,0.2108434,0.1774744
Lesser Goldfinch,0.0,0.0,0.0,0.0014025,0.0,0.0,0.0,0.0,0.0016207,0.0,0.0018587,0.0,0.0,0.0,0.0,0.0,0.0220493,0.0,0.0,0.0,0.0,0.0017637,0.0,0.0,0.0,0.0,0.0,0.0,0.0,0.0,0.0,0.0,0.0,0.0,0.0,0.0,0.0,0.0019157,0.0,0.0,0.001938,0.0037175,0.0340265,0.0014925,0.0,0.0,0.0,0.0
American Goldfinch,0.2769231,0.2880734,0.262697,0.259467,0.2620424,0.2926829,0.3729128,0.3754864,0.4132901,0.4333333,0.5464684,0.5283019,0.6067416,0.6583851,0.5927419,0.5167015,0.6225681,0.5798122,0.5870504,0.625387,0.6226158,0.6472663,0.6415525,0.6513026,0.6923077,0.689008,0.7493606,0.7038328,0.6803279,0.6843501,0.6741294,0.7142857,0.6950758,0.6873614,0.6491228,0.6026846,0.6096579,0.5574713,0.5231388,0.424933,0.4069767,0.3605948,0.36862,0.3552239,0.3439153,0.3557423,0.3433735,0.3139932
Lapland Longspur,0.0015,0.0,0.0,0.0,0.0,0.0,0.0,0.0,0.0,0.0,0.0,0.0,0.0,0.0,0.0,0.0,0.0,0.0011737,0.0,0.0,0.0,0.0,0.0,0.0,0.0,0.0,0.0,0.0,0.0,0.0,0.0,0.0,0.0018939,0.0,0.0038986,0.0040268,0.0140845,0.01341,0.0020121,0.0013405,0.0,0.0015,0.0,0.0,0.0,0.0,0.0,0.0
Chestnut-collared Longspur,0.0,0.0,0.0,0.0,0.0,0.0,0.0,0.0,0.0,0.0,0.0,0.0,0.0,0.0,0.0,0.0,0.0,0.0,0.0,0.0,0.0,0.0,0.0,0.0,0.0,0.0,0.0,0.0,0.0,0.0,0.0,0.0,0.0,0.0,0.0,0.0,0.0,0.0,0.0,0.0,0.0,0.0,0.0,0.0,0.0026455,0.0028011,0.0,0.0
Thick-billed Longspur,0.0,0.0,0.0,0.0,0.0,0.0,0.0,0.0,0.0,0.0,0.0,0.0,0.0,0.0,0.0,0.0,0.0,0.0,0.0,0.0,0.0,0.0015,0.0,0.0,0.0,0.0,0.0,0.0,0.0,0.0,0.0,0.0,0.0,0.0,0.0,0.0,0.0,0.0,0.0,0.0,0.0,0.0,0.0,0.0,0.0,0.0,0.0,0.0
Snow Bunting,0.0,0.0,0.0,0.0,0.0,0.0,0.0,0.0,0.0,0.0,0.0018587,0.0,0.0,0.0,0.0,0.0,0.0,0.0,0.0,0.0,0.0,0.0,0.0,0.0,0.0,0.0,0.0,0.0,0.0,0.0,0.0,0.0,0.0,0.0,0.0,0.0,0.0,0.0,0.0,0.041555,0.0,0.0074349,0.0,0.0,0.0,0.0,0.0,0.0
Chipping Sparrow,0.0,0.0,0.0,0.0,0.0,0.0,0.0,0.0,0.0,0.0,0.0,0.0110988,0.0080257,0.0201863,0.0040323,0.0292276,0.0129702,0.0140845,0.0201439,0.0165119,0.0081744,0.010582,0.0068493,0.01002,0.0153846,0.0214477,0.0076726,0.0052265,0.0081967,0.0079576,0.0124378,0.0180451,0.0056818,0.0066519,0.0097466,0.0040268,0.0040241,0.0076628,0.0,0.002681,0.0,0.0,0.0,0.0,0.0,0.0,0.0,0.0
Clay-colored Sparrow,0.0,0.0,0.0,0.0,0.0,0.0,0.0,0.0,0.0,0.0,0.0,0.0,0.0,0.0,0.0,0.0,0.0,0.0,0.0,0.0,0.0,0.0,0.0,0.0,0.0,0.0,0.0,0.0,0.0,0.0,0.0,0.0,0.0037879,0.0,0.0,0.0295302,0.0080483,0.0,0.0,0.0147453,0.001938,0.0,0.0,0.0,0.0,0.0,0.0,0.0
Brewer's Sparrow,0.0,0.0,0.0,0.0,0.0,0.0,0.0,0.0,0.0,0.0,0.0,0.0,0.0,0.0015528,0.0577957,0.0229645,0.001297,0.0058685,0.0,0.0,0.0,0.0,0.0,0.0,0.0,0.0,0.0,0.0,0.0,0.0,0.0,0.0,0.0,0.0,0.0,0.0013423,0.0,0.0,0.0,0.0,0.0,0.0,0.0,0.0,0.0,0.0,0.0,0.0
Black-throated Sparrow,0.0,0.0,0.0,0.0,0.0,0.0,0.0,0.0,0.0,0.0,0.0,0.0,0.0,0.0,0.0,0.0,0.0,0.0,0.0014388,0.0,0.0,0.0,0.0,0.0,0.0,0.0,0.0,0.0,0.0,0.0,0.0,0.0,0.0,0.0,0.0,0.0,0.0,0.0,0.0,0.0,0.0,0.0,0.0,0.0,0.0,0.0,0.0,0.0
Lark Sparrow,0.0,0.0,0.0,0.0,0.0,0.0,0.0,0.0,0.0,0.0,0.0,0.0,0.0,0.0,0.0,0.0,0.0,0.0,0.0,0.001032,0.0,0.0,0.0,0.0,0.0,0.0,0.0,0.0,0.0,0.0015,0.0,0.0,0.0,0.0,0.0,0.0,0.0,0.0,0.0,0.0,0.0,0.0,0.0,0.0,0.0,0.0,0.0,0.0
American Tree Sparrow,0.0015,0.0,0.0,0.0,0.0,0.0,0.0,0.0,0.0048622,0.0019608,0.0,0.0,0.0,0.0,0.0,0.0,0.0,0.0,0.0,0.0,0.0,0.0,0.0,0.0,0.0,0.0,0.0,0.0,0.0,0.0,0.0,0.0,0.0,0.0,0.0,0.0,0.0,0.0057471,0.0040241,0.002681,0.0678295,0.0092937,0.0604915,0.0059701,0.0079365,0.0,0.0,0.0
Fox Sparrow,0.241958,0.2018349,0.1803853,0.1879383,0.1888247,0.2134146,0.2115028,0.2159533,0.2106969,0.2039216,0.2620818,0.1942286,0.1396469,0.0838509,0.0295699,0.0177453,0.0116732,0.0035211,0.0,0.0,0.0,0.0,0.0,0.0,0.0,0.0,0.0,0.0,0.0,0.0,0.0,0.0,0.0056818,0.0177384,0.0760234,0.138255,0.1488934,0.1896552,0.249497,0.2131367,0.2790698,0.2267658,0.2551985,0.2686567,0.2751323,0.2577031,0.3012048,0.2457338
Dark-eyed Junco,0.4685315,0.4348624,0.4886165,0.483871,0.4739884,0.5243902,0.5899814,0.6031128,0.5818476,0.6078431,0.6226766,0.5216426,0.494382,0.4409938,0.405914,0.4175365,0.4293126,0.4565728,0.4316547,0.4633643,0.4073569,0.3985891,0.4474886,0.4488978,0.3461538,0.3404826,0.314578,0.2473868,0.1584699,0.1909814,0.221393,0.2571429,0.2765152,0.3259424,0.4093567,0.4375839,0.444668,0.4885057,0.5231388,0.538874,0.5697674,0.5371747,0.5387524,0.5552239,0.542328,0.5070028,0.5301205,0.4931741
White-crowned Sparrow,0.1440559,0.1266055,0.1208406,0.1472651,0.1271676,0.1544715,0.1335807,0.1498054,0.165316,0.1647059,0.1951673,0.2130966,0.3226324,0.4580745,0.4516129,0.5146138,0.4137484,0.3333333,0.2661871,0.25387,0.2452316,0.2063492,0.2534247,0.244489,0.2307692,0.308311,0.3861893,0.271777,0.2650273,0.270557,0.3208955,0.2796992,0.3125,0.3259424,0.3937622,0.4469799,0.4305835,0.3601533,0.334004,0.2895442,0.2751938,0.2695167,0.2362949,0.1925373,0.1851852,0.1512605,0.1777108,0.1262799
Golden-crowned Sparrow,0.4447552,0.4073394,0.3992995,0.42777,0.3564547,0.4288618,0.4508349,0.4435798,0.4376013,0.445098,0.4591078,0.4694784,0.4831461,0.4518634,0.4502688,0.308977,0.2049287,0.1197183,0.0244604,0.003096,0.0013624,0.0,0.0,0.0,0.0,0.0,0.0,0.0,0.0,0.0,0.0,0.0,0.0132576,0.0709534,0.1793372,0.2845638,0.3259557,0.3563218,0.3903421,0.3806971,0.4573643,0.4275093,0.4234405,0.4492537,0.5,0.5042017,0.5060241,0.4078498
Harris's Sparrow,0.0,0.0,0.0,0.0,0.0,0.0,0.0,0.0,0.0,0.0,0.0,0.0,0.0,0.0,0.0,0.0,0.0,0.0,0.0,0.0,0.0,0.0,0.0,0.0,0.0,0.0,0.0,0.0,0.0,0.0,0.0,0.0,0.0,0.0,0.0,0.0,0.0,0.0,0.0,0.0,0.001938,0.0092937,0.0094518,0.0014925,0.0026455,0.0,0.0,0.0
White-throated Sparrow,0.0153846,0.0146789,0.0192644,0.0098177,0.0077071,0.0223577,0.0148423,0.0194553,0.0145867,0.0156863,0.0037175,0.0133185,0.0080257,0.0031056,0.0067204,0.0041754,0.0051881,0.0070423,0.0,0.0015,0.0,0.0,0.0,0.0,0.0,0.0,0.0,0.0,0.0,0.0,0.0,0.0,0.0,0.0066519,0.0077973,0.0255034,0.028169,0.0229885,0.0402414,0.0214477,0.0290698,0.0613383,0.0170132,0.019403,0.015873,0.0196078,0.0120482,0.0153584
Sagebrush Sparrow,0.0,0.0,0.0,0.0,0.0,0.0,0.0015,0.0,0.0,0.0,0.0,0.0,0.0,0.0,0.0,0.0,0.0,0.0,0.0,0.0,0.0,0.0,0.0,0.0,0.0,0.0,0.0,0.0,0.0,0.0,0.0,0.0,0.0,0.0,0.0,0.0,0.0,0.0,0.0,0.0,0.0,0.0,0.0,0.0,0.0,0.0,0.0,0.0
Vesper Sparrow,0.0,0.0,0.0,0.0,0.0,0.0,0.0,0.0,0.0,0.0,0.0,0.0,0.0,0.0,0.0,0.0031315,0.0103761,0.0,0.0,0.002064,0.0,0.0,0.0,0.0,0.0,0.0,0.0,0.0,0.0,0.0,0.0,0.0015038,0.0056818,0.0022173,0.005848,0.0013423,0.0201207,0.0,0.0,0.0,0.0,0.0,0.0,0.0,0.0,0.0,0.0,0.0
Savannah Sparrow,0.006993,0.0036697,0.0035026,0.002805,0.0057803,0.004065,0.012987,0.0058366,0.0097245,0.0235294,0.0650558,0.2330744,0.4157303,0.5993789,0.6478495,0.6409186,0.6316472,0.6701878,0.5956835,0.6119711,0.613079,0.5961199,0.586758,0.5370741,0.4820513,0.4235925,0.3836317,0.3240418,0.3715847,0.2997347,0.3532338,0.3263158,0.4299242,0.5033259,0.5380117,0.504698,0.38833,0.3524904,0.2897384,0.1621984,0.0794574,0.0446097,0.0151229,0.0074627,0.015873,0.0140056,0.0150602,0.0102389
Song Sparrow,0.8181818,0.8348624,0.8441331,0.828892,0.8169557,0.847561,0.8367347,0.8735409,0.8492707,0.8960784,0.9107807,0.90899,0.8876404,0.9006211,0.8763441,0.888309,0.9066148,0.8838028,0.8863309,0.9019608,0.8910082,0.9135802,0.9018265,0.9258517,0.9153846,0.8418231,0.8235294,0.78223,0.7185792,0.7214854,0.7313433,0.7834586,0.7897727,0.8514412,0.8479532,0.852349,0.8410463,0.8582375,0.8712274,0.8431635,0.8527132,0.8085502,0.8393195,0.8597015,0.8201058,0.8319328,0.8614458,0.8122867
Lincoln's Sparrow,0.1832168,0.1633028,0.17338,0.1851332,0.1156069,0.1422764,0.1057514,0.1381323,0.1053485,0.1294118,0.105948,0.1065483,0.1284109,0.189441,0.2016129,0.1670146,0.0985733,0.0246479,0.0100719,0.003096,0.0013624,0.0,0.0022831,0.0,0.0076923,0.0,0.0025575,0.0017422,0.0027322,0.0026525,0.0099502,0.0225564,0.0814394,0.1796009,0.208577,0.1986577,0.2012072,0.2011494,0.2394366,0.2345845,0.2403101,0.1951673,0.2438563,0.2880597,0.2751323,0.2352941,0.2439759,0.2303754
Swamp Sparrow,0.0055944,0.0073394,0.0,0.0014025,0.0,0.0020325,0.0,0.0038911,0.0,0.0058824,0.0018587,0.0,0.0015,0.0,0.0,0.0,0.0,0.0,0.0,0.0,0.0,0.0,0.0,0.0,0.0,0.0,0.0,0.0,0.0,0.0,0.0,0.0,0.0,0.0,0.0,0.0,0.0020121,0.0,0.0301811,0.0120643,0.0193798,0.0074349,0.0378072,0.0223881,0.0079365,0.0084034,0.0,0.0085324
Spotted Towhee,0.634965,0.6550459,0.6917688,0.6633941,0.5876686,0.6910569,0.7142857,0.7023346,0.6807131,0.6803922,0.7472119,0.6947836,0.7094703,0.689441,0.6814516,0.6878914,0.6770428,0.6913146,0.6733813,0.7089783,0.7166213,0.7442681,0.7031963,0.759519,0.7461538,0.6970509,0.6751918,0.6655052,0.5846995,0.5782493,0.5522388,0.5293233,0.5492424,0.6385809,0.6393762,0.652349,0.6619718,0.7049808,0.6800805,0.6930295,0.7054264,0.6245353,0.6918715,0.6776119,0.6772487,0.7002801,0.6957831,0.6996587
Yellow-breasted Chat,0.0,0.0,0.0,0.0,0.0,0.0,0.0,0.0,0.0,0.0,0.0,0.0,0.0,0.0,0.0,0.0,0.0,0.0023474,0.0,0.0,0.0,0.0,0.0,0.0,0.0,0.0,0.0,0.0,0.0,0.0,0.0,0.0,0.0,0.0,0.0,0.0,0.0,0.0,0.0,0.0,0.0,0.0,0.0,0.0,0.0,0.0,0.0,0.0
Yellow-headed Blackbird,0.0,0.0,0.0,0.0,0.0,0.0,0.0,0.0,0.0,0.0,0.0018587,0.0,0.0,0.0046584,0.0174731,0.0208768,0.0363165,0.0410798,0.0402878,0.0701754,0.0313351,0.0194004,0.0045662,0.01002,0.0025641,0.0053619,0.0051151,0.0052265,0.0218579,0.0026525,0.0124378,0.0105263,0.0,0.0044346,0.0038986,0.0026846,0.0,0.0,0.0,0.0,0.0,0.0,0.0,0.0,0.0,0.0,0.0,0.0
Bobolink,0.0,0.0,0.0,0.0,0.0,0.0,0.0,0.0,0.0,0.0,0.0,0.0,0.0,0.0,0.0,0.0,0.0,0.0,0.0,0.0,0.0,0.0,0.0,0.0,0.0,0.0,0.0,0.0,0.0,0.0,0.0,0.0,0.0,0.0,0.0,0.0,0.0015,0.0,0.0,0.0,0.0,0.0,0.0,0.0,0.0,0.0,0.0,0.0
Western Meadowlark,0.0111888,0.0073394,0.0087566,0.0224404,0.0134875,0.0101626,0.025974,0.0214008,0.0356564,0.0294118,0.0111524,0.0233074,0.0144462,0.0263975,0.0120968,0.0125261,0.0,0.0023474,0.0028777,0.004128,0.0040872,0.0017637,0.0,0.002004,0.0,0.002681,0.0102302,0.0,0.0054645,0.0026525,0.0,0.0015038,0.0,0.0177384,0.0116959,0.0322148,0.0442656,0.045977,0.028169,0.0442359,0.0135659,0.0185874,0.0226843,0.0164179,0.021164,0.022409,0.0150602,0.0153584
Bullock's Oriole,0.0,0.0,0.0,0.0,0.0,0.0,0.0,0.0,0.0,0.0,0.0,0.0,0.0,0.0,0.0,0.0010438,0.0116732,0.0058685,0.0086331,0.0227038,0.0163488,0.0035273,0.0091324,0.004008,0.0051282,0.002681,0.0102302,0.0069686,0.0081967,0.0185676,0.0,0.0,0.0,0.0,0.0,0.0,0.0,0.0,0.0,0.0,0.0,0.0,0.0,0.0,0.0,0.0,0.0,0.0
Red-winged Blackbird,0.7846154,0.7944954,0.8423818,0.8863955,0.8631985,0.8922764,0.9016698,0.8871595,0.9254457,0.9235294,0.9237918,0.9345172,0.9309791,0.947205,0.9435484,0.9352818,0.9442283,0.9366197,0.9467626,0.9525284,0.9373297,0.9470899,0.9452055,0.9398798,0.9051282,0.8364611,0.7237852,0.5940767,0.4508197,0.4190981,0.3358209,0.3218045,0.3276515,0.4345898,0.545809,0.6657718,0.7424547,0.7375479,0.7303823,0.6715818,0.6472868,0.5408922,0.5349716,0.541791,0.5661376,0.6218487,0.6957831,0.7167235
Brown-headed Cowbird,0.0013986,0.0,0.0017513,0.0,0.0,0.0,0.0,0.0038911,0.0,0.0019608,0.0018587,0.0166482,0.0224719,0.1335404,0.280914,0.3308977,0.4474708,0.3920188,0.4330935,0.4478844,0.4427793,0.4744268,0.4817352,0.5450902,0.5051282,0.3699732,0.2276215,0.1794425,0.1530055,0.127321,0.0845771,0.0451128,0.0189394,0.0066519,0.0019493,0.0067114,0.0040241,0.0076628,0.0060362,0.002681,0.0077519,0.0092937,0.0018904,0.0,0.0,0.0,0.0,0.0
Rusty Blackbird,0.0,0.0,0.0,0.0,0.0,0.0,0.0,0.0,0.0,0.0,0.0,0.0,0.0,0.0,0.0,0.0,0.0,0.0,0.0,0.0,0.0,0.0,0.0,0.0,0.0,0.0,0.0,0.0,0.0,0.0,0.0,0.0,0.0,0.0,0.0,0.0,0.0015,0.0,0.0,0.0015,0.0,0.0,0.0,0.0,0.0026455,0.0,0.0,0.0
Brewer's Blackbird,0.0,0.0,0.0035026,0.0,0.0,0.0081301,0.0018553,0.0019455,0.0032415,0.0156863,0.0037175,0.0055494,0.0080257,0.0124224,0.0228495,0.019833,0.0220493,0.0223005,0.0115108,0.0103199,0.0095368,0.0229277,0.0091324,0.006012,0.0076923,0.0080429,0.0051151,0.0034843,0.0027322,0.0026525,0.0,0.0,0.0018939,0.0066519,0.0097466,0.0120805,0.0140845,0.0172414,0.0040241,0.0053619,0.003876,0.0018587,0.0018904,0.0014925,0.0,0.0,0.003012,0.0017065
Northern Waterthrush,0.0,0.0,0.0,0.0,0.0,0.0,0.0,0.0,0.0,0.0,0.0,0.0,0.0,0.0,0.0,0.0,0.0,0.0,0.0,0.0,0.0,0.0,0.0,0.0,0.0,0.0,0.0,0.0,0.0027322,0.0,0.0024876,0.0135338,0.0,0.0022173,0.0,0.0,0.0,0.0,0.0,0.0,0.0,0.0,0.0,0.0,0.0,0.0,0.0,0.0
Black-and-white Warbler,0.0,0.0,0.0,0.0,0.0,0.0,0.0,0.0,0.0,0.0,0.0,0.0,0.0,0.0,0.0,0.0,0.0,0.0,0.0,0.0,0.0,0.0,0.0,0.0,0.0,0.0,0.0,0.0,0.0,0.0,0.0,0.0,0.0,0.0,0.0,0.0026846,0.0,0.0,0.0,0.0,0.0,0.0,0.0,0.0,0.0,0.0,0.0,0.0
Tennessee Warbler,0.0,0.0,0.0,0.0,0.0,0.0,0.0,0.0,0.0,0.0,0.0,0.0,0.0,0.0,0.0,0.0,0.0,0.0,0.0,0.0,0.0,0.0,0.0,0.0,0.0,0.0,0.0,0.0,0.0,0.0,0.0,0.0015,0.0015,0.0022173,0.0,0.0,0.0,0.0,0.0,0.0,0.0,0.0,0.0,0.0,0.0,0.0,0.0,0.0
Orange-crowned Warbler,0.0041958,0.0036697,0.0157618,0.0084151,0.0038536,0.0020325,0.0074212,0.0077821,0.0048622,0.0039216,0.0167286,0.0144284,0.0256822,0.0807453,0.1518817,0.2713987,0.2736706,0.1795775,0.0992806,0.0505676,0.0108992,0.0176367,0.0136986,0.0220441,0.0179487,0.0214477,0.0127877,0.0226481,0.0163934,0.0132626,0.0646766,0.1413534,0.1780303,0.2505543,0.2904483,0.157047,0.0965795,0.0842912,0.054326,0.0281501,0.0135659,0.0241636,0.0434783,0.019403,0.015873,0.0,0.0120482,0.0204778
Nashville Warbler,0.0,0.0,0.0,0.0,0.0,0.0,0.0,0.0,0.0,0.0,0.0,0.0,0.0,0.0,0.0013441,0.0041754,0.0181582,0.0176056,0.0071942,0.0,0.0,0.0,0.0,0.0,0.0,0.0,0.0,0.0,0.0,0.0,0.0,0.0,0.0,0.0044346,0.0019493,0.0026846,0.0,0.0,0.0,0.0,0.0,0.0,0.0,0.0,0.0,0.0,0.0,0.0
MacGillivray's Warbler,0.0,0.0,0.0,0.0,0.0,0.0,0.0,0.0,0.0,0.0,0.0,0.0,0.0,0.0,0.0,0.0052192,0.0103761,0.0070423,0.0244604,0.006192,0.0054496,0.0,0.0,0.006012,0.0,0.0,0.0,0.0,0.0027322,0.0,0.0074627,0.0045113,0.0037879,0.0,0.0,0.0,0.0,0.0,0.0,0.0,0.0,0.0,0.0,0.0,0.0,0.0,0.0,0.0
Common Yellowthroat,0.0013986,0.0018349,0.0,0.0,0.0,0.0,0.0,0.0038911,0.0,0.0,0.0,0.0110988,0.117175,0.3540373,0.5389785,0.6158664,0.6511025,0.6103286,0.6345324,0.6646027,0.6893733,0.7054674,0.6872146,0.7254509,0.7,0.6756032,0.6189258,0.4599303,0.4180328,0.4137931,0.460199,0.4270677,0.4261364,0.443459,0.3625731,0.2308725,0.1368209,0.0402299,0.0362173,0.0187668,0.0155039,0.0130112,0.0094518,0.0059701,0.005291,0.0,0.003012,0.0
American Redstart,0.0,0.0,0.0,0.0,0.0,0.0,0.0,0.0,0.0,0.0,0.0,0.0,0.0,0.0,0.0,0.0,0.0,0.0,0.0,0.0,0.0054496,0.0,0.0,0.0,0.0,0.0,0.0,0.0,0.0,0.0,0.0,0.0,0.0015,0.0,0.0,0.0,0.0,0.0,0.0,0.0,0.0,0.0,0.0,0.0,0.0,0.0,0.0,0.0
Northern Parula,0.0,0.0,0.0,0.0,0.0,0.0,0.0,0.0,0.0,0.0,0.0,0.0,0.0,0.0,0.0,0.0,0.0,0.0,0.0,0.0,0.0,0.0070547,0.0,0.0,0.0,0.0,0.0,0.0,0.0,0.0,0.0,0.0,0.0,0.0,0.0,0.0,0.0,0.0,0.0,0.0,0.0,0.0,0.0,0.0,0.0,0.0,0.0,0.0
Northern Yellow Warbler,0.0,0.0,0.0,0.0,0.0,0.0,0.0,0.0,0.0,0.0,0.0,0.0,0.0,0.0,0.0,0.0146138,0.1167315,0.286385,0.4043165,0.3632611,0.2915531,0.2028219,0.1506849,0.1643287,0.1128205,0.0563003,0.0306905,0.0400697,0.0491803,0.0557029,0.119403,0.1714286,0.2291667,0.2239468,0.1676413,0.0630872,0.0120724,0.0019157,0.0,0.0,0.0,0.0,0.0,0.0,0.0,0.0,0.0,0.0
Palm Warbler,0.0,0.0,0.0,0.0,0.0,0.0,0.0,0.0,0.0032415,0.0039216,0.0015,0.0,0.0,0.0015528,0.0,0.0,0.0,0.0,0.0,0.0,0.0,0.0,0.0,0.0,0.0,0.0,0.0,0.0,0.0,0.0,0.0,0.0,0.0,0.0015,0.0019493,0.0510067,0.0,0.0019157,0.0080483,0.0053619,0.0,0.0,0.0018904,0.0134328,0.0026455,0.0,0.0,0.0
Yellow-rumped Warbler,0.2769231,0.3119266,0.3222417,0.3814867,0.4450867,0.5162602,0.5510204,0.6848249,0.6742301,0.7862745,0.83829,0.754717,0.7592295,0.7950311,0.7956989,0.782881,0.5745785,0.3298122,0.1985612,0.0402477,0.013624,0.005291,0.0159817,0.01002,0.0051282,0.0053619,0.0051151,0.0174216,0.0163934,0.0132626,0.0149254,0.0300752,0.0587121,0.2195122,0.4288499,0.5798658,0.7022133,0.7088123,0.6841046,0.5469169,0.4825581,0.4237918,0.4744802,0.4014925,0.3968254,0.3221289,0.3373494,0.274744
Black-throated Gray Warbler,0.0,0.0,0.0,0.0,0.0,0.0,0.0,0.0,0.0,0.0,0.0,0.0,0.0,0.0015528,0.0067204,0.0177453,0.0142672,0.0046948,0.018705,0.004128,0.0013624,0.0,0.0068493,0.0,0.0025641,0.002681,0.0051151,0.0069686,0.0027322,0.0238727,0.0422886,0.0421053,0.0530303,0.0509978,0.0409357,0.0187919,0.0,0.0,0.0,0.0,0.0015,0.0074349,0.0,0.0,0.0,0.0,0.0,0.0
Townsend's Warbler,0.0013986,0.0036697,0.0035026,0.0,0.0038536,0.0,0.0018553,0.0019455,0.0048622,0.0039216,0.0018587,0.0033296,0.0015,0.0031056,0.0040323,0.0041754,0.0181582,0.008216,0.0115108,0.003096,0.0027248,0.0,0.0022831,0.0,0.0,0.0,0.0,0.0,0.0,0.0026525,0.0024876,0.0045113,0.0170455,0.0044346,0.0097466,0.0040268,0.0080483,0.0076628,0.0040241,0.0013405,0.001938,0.0055762,0.0056711,0.0059701,0.005291,0.0028011,0.0,0.003413
Wilson's Warbler,0.0027972,0.0018349,0.0,0.0014025,0.0,0.0,0.0,0.0,0.0,0.0,0.0,0.0,0.0,0.0,0.0053763,0.1461378,0.3372244,0.3591549,0.3697842,0.2425181,0.0953678,0.0299824,0.0251142,0.0180361,0.0179487,0.0160858,0.0025575,0.0174216,0.0245902,0.0318302,0.0298507,0.0406015,0.030303,0.0288248,0.0272904,0.0120805,0.0,0.0019157,0.0020121,0.0013405,0.001938,0.0074349,0.0113422,0.0059701,0.0132275,0.0028011,0.0,0.0015
Western Tanager,0.0041958,0.0,0.0,0.0,0.0,0.0,0.0018553,0.0,0.0,0.0,0.0,0.0,0.0,0.0,0.0013441,0.0104384,0.0817121,0.1056338,0.1151079,0.0495356,0.0163488,0.0035273,0.0068493,0.002004,0.0,0.0080429,0.0179028,0.0121951,0.0163934,0.0212202,0.0447761,0.0706767,0.0549242,0.0399113,0.037037,0.0107383,0.0020121,0.0,0.0,0.0080429,0.0213178,0.0204461,0.0075614,0.0029851,0.0,0.0028011,0.0,0.0
Black-headed Grosbeak,0.0,0.0,0.0,0.0,0.0,0.0,0.0,0.0,0.0,0.0,0.0,0.0,0.0,0.0,0.0,0.0,0.001297,0.0234742,0.0273381,0.0660475,0.0735695,0.047619,0.0251142,0.0360721,0.0025641,0.002681,0.0204604,0.0069686,0.0245902,0.0477454,0.0174129,0.0255639,0.0170455,0.0110865,0.0077973,0.0026846,0.0,0.0,0.0,0.0,0.0,0.0018587,0.0,0.0,0.0,0.0,0.0,0.0
Lazuli Bunting,0.0,0.0,0.0,0.0,0.0,0.0,0.0,0.0,0.0,0.0,0.0,0.0,0.0,0.0,0.0,0.0,0.001297,0.0070423,0.0330935,0.0485036,0.0803815,0.0141093,0.0068493,0.006012,0.0,0.0053619,0.0025575,0.0017422,0.0081967,0.0,0.0074627,0.0015038,0.0037879,0.0,0.0019493,0.0,0.0,0.0,0.0,0.0,0.0,0.0,0.0,0.0,0.0,0.0,0.0,0.0
Indigo Bunting,0.0,0.0,0.0,0.0,0.0,0.0,0.0,0.0,0.0,0.0,0.0,0.0,0.0,0.0,0.0,0.0,0.0,0.0,0.0,0.0,0.0,0.0,0.0,0.0,0.0,0.0,0.0,0.0,0.0,0.0,0.0,0.0,0.0,0.0015,0.0,0.0,0.0,0.0,0.0,0.0,0.0,0.0,0.0,0.0,0.0,0.0,0.0,0.0
